scholar_indx,name,grade,parents,spouse,siblings,children,birth_date_place,places_of_stay,death_date_place,teachers,students,area_of_interest,tags,books,students_inds,teachers_inds,birth_place,birth_date,birth_date_hijri,birth_date_gregorian,death_date_hijri,death_date_gregorian,death_place,death_reason,gender,simplename,fullname,relationship,specified_teachers,specified_students,info,hadiths,generation,notes
1,Prophet Muhammad(saw) ( محمّد صلّی اللہ علیہ وآلہ وسلّم ( رضي الله عنه,Rasool Allah,'Abdullah ibn 'Abd al-Muttalib [9991] / Amina bint Wahb b 'Abd Munaf bin Zuhrah,"Khadijah [51] , Sawda bint Zam'a [52] , 'Aisha bint Abi Bakr [53] , Hafsa bint Umar [54] , Zaynab bint Khazeemah [55] , Umm Salamah [56] , Zaynab bint Jahsh [57] , Juwayriya bint al-Harith [58] , Umm Habibah bint Abi Sufyan [59] , Safiyya bint Huyayy [60] , Maymuna bint al-Harith [61] , Maria al-Qibtiyya [62]",NA,"al-Qasim bin Muhammad [516] , Zaynab bint Muhammad [97] , Ruqayyah bint Muhammad [102] , Umm Kulthum bint Muhammad [94] , Fatima bint Muhammad [63] , 'Abdullah bin Muhammad [517] , Ibrahim bin Muhammad [518]",53 BH/570 CE (9th Rabi' awwal) (Makkah),"Makkah, Medina",11 AH/632 CE (12th Rabi' awwal (Medina)[ Natural ],NA,"Abu Bakr As-Siddique [2] , 'Umar ibn al-Khattab [3] , 'Uthman ibn 'Affaan [4] , Ali ibn Abi Talib [5] , Talha ibn 'Ubaidullah [6] , Zubayr ibn al-Awwam [7] , 'Abdur Rahman Ibn 'Awf [8] , Sa'd ibn Abi Waqqas [9] , Abu 'Ubaidah ibn al-Jarrah [10] , ibn Mas'ud [16] , ibn Abbas [17] , ibn Umar [18] , Anas bin Malik [19] , 'Aisha bint Abi Bakr [53] , Umm Salamah [56]","Tafsir/Quran, Recitation/Quran, Hadith, Commander, Reformer","Quraish [Quraish] , B.Hashim [B.Hashim] , Prophet [Prophet] , Rasool [Rasool] , Badr [Badr] , Uhud [Uhud] , Khandaq [Khandaq]",NA,"2, 3, 4, 5, 6, 7, 8, 9, 10, 16, 17, 18, 19, 53, 56",NA,"9th Rabi' awwal, Makkah","['53 BH', '570 CE']",53,570,11,632,12th Rabi' awwal (Medina,Natural,male,Prophet Muhammad,"Prophet Muhammad, peace and blessings be upon him",teacher,,53,,,,
13,Abu Hurairah ( أبو هريرة - عبد الرحمن بن صخر الدوسي  ( رضي الله عنه,Comp.(RA) [1st Generation],/ Umaima/Maymuna,Basra bint Ghazwan [3656],NA,Daughter,"12 BH/603 CE (Baha, Yemen)","Makkah, Medina, Yemen, Bahrain",59 AH/681 CE (Medinah)[ Natural ],"Muhammad (saw) [1] , Abu Bakr As-Siddique [2] , 'Umar ibn al-Khattab [3] , Fadl ibn al-'Abbas [135] , Ubayy ibn Ka'b [39] , Usamah ibn Zayd [50] , 'Aisha bint Abi Bakr [53] , نضرة بن أبي نضرة الغفاري, Ka'b al-Ahbar [4058]","Mahrar bin Abi Huraira [12496] , ibn Abbas [17] , ibn Umar [18] , Anas bin Malik [19] , Wathla bin al-'Asqa' [4049] , Jabir ibn 'Abdullah [34] , Marwan bin al-Hakam bin Abi al-'As [858] , Qubaysa bin Zuwayb [5232] , Sa'id ibn al-Musayyib [11002] , Salman al-Aghar Abu 'Abdullah [11171] , Qays bin Abi Hazim [11046] , Malik bin Abi 'Amir [11443] , Abu Umama bin Sahl [405] , Abu Idrees al-Khulani [11027] , Abu 'Uthman al-Nahdi [11113] , Abu Sufyan [11451] , Abu Rafi' al-Sa'agh [11226] , Abu Zara' bin 'Amr /Harm [11406] , al-Aghr Abu Muslim [11829] , ابن فارض, Basr bin Sa'id al-Madni [11153] , Bashayr bin Nahayk [11266] , بعجة الجهني, Thabit bin Ayad al-Ahnf [11677] , Hafs bin 'Asim bin 'Umar [11420] , حميد, Abu Salama bin 'Abdur Rahman [10567] , Hameed bin 'Abdur Rahman [11280] , Hanzalah bin 'Ali bin al-Aslami [11842] , Khbab al-Madni Sahb al-Mqswrh [11843] , Khalas bin 'Amr al-Hajri [11283] , al-Hakam bin Myna'a al-Ansari Mwlahm [11840] , Khalid bin Ghlaq [10907] , Ziyad bin Ryah [11850] , Salim bin 'Abdullah bin 'Umar [11011] , Zararah bin Awfa al-'Amiri al-Harshi [11284] , Salm Abu al-Ghyth al-Madni [11165] , Salm bin 'Abdullah al-Nasri [11852] , Kaysan Abu Sa'id al-Muqbari [11212] , Sa'id bin Abi Sa'id (Kaysan) [11168] , al-Hasan al-Basri [11016] , Ibn Sirin [11035] , Sa'id bin 'Amr bin Sa'id bin al-Aas [11509] , Sulayman ibn Yasar [11005] , Sa'id bin Yasar, Abu al-Hubab [11170] , Sinan bin Abi Sinan [11511] , 'Amir bin Sa'd ibn Abi Waqqas [10554] , Sharih bin Hani' al-Harithi [10774] , Shfa bin Mat' [18421] , Tawus bin Kaysan [11053] , 'Ikrama [11023] , Mujahid bin Jabir [11028] , 'Ata' bin Abi Rabah [11029] , 'Amir al-Sha'bi [11052] , 'Abdullah bin Rbah [11865] , 'Abdullah bin Shaqayq al-Aqayli [10694] , Tha'laba bin Sa'ayr [5003] , أبو الوليد عبد الله بن الحارث المصري, Sa'id bin al-Harith bin Abi Sa'id [11167] , Sa'id bin Sm'an al-Ansari [12135] , Sa'id bin Marjana [11571]","Narrator [ ع  -  صحابة ], Fiqh","Yemeni [Yemeni] , Dausi [Dausi] , Client [Client] , Late Muslim [Late%20Muslim]",NA,"12496, 17, 18, 19, 4049, 34, 858, 5232, 11002, 11171, 11046, 11443, 405, 11027, 11113, 11451, 11226, 11406, 11829, 11153, 11266, 11677, 11420, 10567, 11280, 11842, 11843, 11283, 11840, 10907, 11850, 11011, 11284, 11165, 11852, 11212, 11168, 11016, 11035, 11509, 11005, 11170, 11511, 10554, 10774, 18421, 11053, 11023, 11028, 11029, 11052, 11865, 10694, 5003, 11167, 12135, 11571","1, 2, 3, 135, 39, 50, 53, 4058","Baha, Yemen","['12 BH', '603 CE']",12,603,59,681,Medinah,Natural,male,Abu Hurayrah,Abu Hurayrah Abdur-Rahman ibn Sakhr,student,53,,,,Companion,
17,ibn Abbas ( عبد الله بن العباس بن عبد المطلب  الحبر ( رضي الله عنه,Comp.(RA) [1st Generation],al-'Abbas ibn 'Abd al-Muttalib [100] / Umm Fadl Lubaba bint al-Harith [156],Zar'ah bint Mishrah b. Madi-Karib,"Fadl ibn al-'Abbas [135] , 'Ubaydallah bin al-'Abbas [133] , Qutham ibn al-'Abbas [128] , Ma'bad bin al-'Abbas [520] , 'Abdur Rahman ibn al-'Abbas [521] , Umm Habiba ibn al-'Abbas [522]","'Ali bin 'Abdullah bin 'Abbas [10949] , 'Abbas bin 'Abdullah bin al-Abbas [12977] , Muhammad bin 'Abdullah bin 'Abbas [18922] , 'Ubaydallah bin 'Abdullah bin al-Abbas [16675] , Al-Fadl, Lubabah, Asma",3 BH/619 CE (Makkah),"Makkah, Medina",68 AH/687 CE (Ta'if)[ Natural ],"Muhammad (saw) [1] , Prophet Muhammad(saw) [1] , al-'Abbas ibn 'Abd al-Muttalib [100] , Umm Fadl Lubaba bint al-Harith [156] , Fadl ibn al-'Abbas [135] , Maymuna bint al-Harith [61] , Abu Bakr As-Siddique [2] , 'Uthman ibn 'Affaan [4] , Ali ibn Abi Talib [5] , 'Abdur Rahman Ibn 'Awf [8] , Mu'adh ibn Jabal [32] , Abu Dharr al-Ghaffari [23] , Ubayy ibn Ka'b [39] , Tamim al-Dari [382] , Khalid bin al-Walid [22] , Usamah ibn Zayd [50] , Hamal bin Malik bin al-Nabghah [4124] , al-Sa'b bin Juthama bin Qays [3661] , 'Ammar ibn Yasir [25] , Abu Sa'id al-Khudri [38] , Abu Talha Ansari [229] , Abu Hurairah [13] , Mu'awiya ibn Abu Sufyan [27] , Abu Sufyan ibn Harb [116] , 'Aisha bint Abi Bakr [53] , Asma' bint Abi Bakr [70] , Juwayriya bint al-Harith [58] , Sawda bint Zam'a [52] , Umm Hani bint Abi Talib [198] , Umm Salamah [56] , Several Others","Nafie' [11014] , al-Qasim ibn Muhammad [10535] , 'Ali bin 'Abdullah bin 'Abbas [10949] , Muhammad bin 'Ali bin 'Abd. bin 'Abbas [10961] , ibn Umar [18] , Tha'lba bin al-Hakam [4133] , al-Miswar bin Makhrama bin Nawfal [2201] , Abu al-Tufayl, 'Amir bin Wathla [3660] , others","Tafsir/Quran, Recitation/Quran, Narrator [ ع  -  صحابة ], Fiqh","Quraish [Quraish] , B.Hashim [B.Hashim] , Early Muslim [Early%20Muslim] , Child [Child] , Cousin [Cousin]",NA,"11014, 10535, 10949, 10961, 18, 4133, 2201, 3660","1, 1, 100, 156, 135, 61, 2, 4, 5, 8, 32, 23, 39, 382, 22, 50, 4124, 3661, 25, 38, 229, 13, 27, 116, 53, 70, 58, 52, 198, 56",Makkah,"['3 BH', '619 CE']",3,619,68,687,Ta'if,Natural,male,`Abdullah ibn `Abbas,`Abdullah ibn `Abbas,student,53,,,,Companion,
18,ibn Umar ( عبد الله بن عمر بن الخطاب ( رضي الله عنه,Comp.(RA) [1st Generation],'Umar ibn al-Khattab [3] / Zaynab bint Maz'un [124],"Safiyya bint Abi 'Ubaid al-Thaqafi [11811] , Umm Walad, Umm Walad","Hafsa bint Umar [54] , 'Abdur Rahman bin 'Umar (Akbar) [560]","Abu Bakr, Abu 'Ubaida, Waqid bin 'Abdullah ibn 'Umar [11813] , 'Abdullah bin 'Abdullah Ibn 'Umar [11814] , 'Umar bin 'Abdullah Ibn 'Umar [11815] , Hafsa, Sawda, Bilal bin 'Abdullah bin 'Umar [11816] , Zayd bin 'Abdullah bin 'Umar [11819] , Salim bin 'Abdullah bin 'Umar [11011] , 'Ubaidullah bin 'Abdullah bin 'Umar [11817] , Hamza bin 'Abdullah bin 'Umar [11818]",10 BH/613 CE (Makkah),"Makkah, Medina",74 AH/693 CE (Makkah)[ Natural ],"Muhammad (saw) [1] , 'Umar ibn al-Khattab [3] , Zayd ibn al-Khattab [114] , Hafsa bint Umar [54] , Abu Bakr As-Siddique [2] , 'Uthman ibn 'Affaan [4] , Ali ibn Abi Talib [5] , Sa'id bin Zayd [11] , Bilal ibn Ribah [24] , Zayd ibn Thabit [49] , Suhayb bin Sinan ar-Rumi [182] , ibn Mas'ud [16] , 'Aisha bint Abi Bakr [53] , Rafi' bin Khadij bin Rafi' [1986]","Waqid bin 'Abdullah ibn 'Umar [11813] , 'Abdullah bin 'Abdullah Ibn 'Umar [11814] , 'Umar bin 'Abdullah Ibn 'Umar [11815] , Bilal bin 'Abdullah bin 'Umar [11816] , Zayd bin 'Abdullah bin 'Umar [11819] , Salim bin 'Abdullah bin 'Umar [11011] , 'Ubaidullah bin 'Abdullah bin 'Umar [11817] , Hamza bin 'Abdullah bin 'Umar [11818] , Nephews, Grandsons, Sa'id ibn al-Musayyib [11002] , Nafie' [11014] , al-Qasim ibn Muhammad [10535] , Others","Tafsir/Quran, Recitation/Quran, Narrator [ ع  -  صحابة ], Fiqh, Preacher","Quraish [Quraish] , B.'Adi [B.'Adi] , Early Muslim [Early%20Muslim] , Emigrant [Emigrant] , Ridwan [Ridwan] , Khandaq [Khandaq] , Makki [Makki]",NA,"11813, 11814, 11815, 11816, 11819, 11011, 11817, 11818, 11002, 11014, 10535","1, 3, 114, 54, 2, 4, 5, 11, 24, 49, 182, 16, 53, 1986",Makkah,"['10 BH', '613 CE']",10,613,74,693,Makkah,Natural,male,`Abdullah ibn `Umar,`Abdullah ibn `Umar ibn al-Khattab,student,53,,,,Companion,
28,'Amr bin al-'Aas ( عمرو بن العاص بن وائل ( رضي الله عنه,Comp.(RA) [1st Generation],al-'As ibn Wa'il / Layla bint Harmalah,"Rayta bint Munabbih bin al-Hajjaj [417] , Umm Kulthum bint 'Uqba [95]",Hisham ibn al-'Aas [144],'Abdullah bin 'Amr bin al-'Aas [29],50 BH/573 CE (Makkah),"Makkah, Medinah, Egypt, Syria",~43 AH/664 CE or 51 AH (Egypt)[ Natural ],"Muhammad (saw) [1] , 'Aisha bint Abi Bakr [53]","'Abdullah bin 'Amr bin al-'Aas [29] , Abu Qays Client Of 'Amr bin al-Aas [11452] , Qays bin Abi Hazim [11046] , Abu 'Uthman al-Nahdi [11113] , 'Ali bin Rabah bin Qasayr [10870] , 'Abdur Rahman bin Shmas'h [10867] , 'Urwa ibn al-Zubayr [10511] , Muhammad bin Ka'b bin Sulaym al-Qarzi [11221] , 'Ammara bin Khuzayma bin Thabit [19817]","Recitation/Quran, Narrator [ ع  -  صحابي ], Commander, Governor","Quraish [Quraish] , B.Sahm [B.Sahm] , Late Muslim [Late%20Muslim] , Messenger [Messenger] , Scribe [Scribe]",NA,"29, 11452, 11046, 11113, 10870, 10867, 10511, 11221, 19817","1, 53",Makkah,"['50 BH', '573 CE']",50,573,43,664,Egypt,Natural,male,`Amr ibn al-`As,`Amr ibn al-`As,student,53,,,,Companion,
41,Abu Musa al-Asha'ari ( أبو موسى الأشعري ( رضي الله عنه,Comp.(RA) [1st Generation],'Abdullah ibn Qays bin Saleem / Zabiya bint Wahb [440],"Umm Khultum bint Fadl ibn al-'Abbas [534] , Umm 'Abdullah bint Abi Duma [5392]","Abu Burda al-Asha'ari [407] , Abu Rahm bin Qays al-Asha'ari [3000] , Majdhi bin Qays al-Asha'ari [3001] , MUhammad bin Qays al-Asha'ari [3002]","Ibrahim bin Abi Musa al-Asha'ari [409] , Abu Bakr bin Abi Musa al-Asha'ari [11900] , Abu Barda bin Abi Musa al-Asha'ari [11901] , Musa bin Abi Musa al-Asha'ari [11902]",(Yemen),"Yemen, Makkah, Medina, Basra, Kufa",~43 or 52 AH /662 or 672 CE (Makkah)[ Natural ],"Muhammad (saw) [1] , Abu Bakr As-Siddique [2] , 'Umar ibn al-Khattab [3] , Ali ibn Abi Talib [5] , ibn Abbas [17] , Ubayy ibn Ka'b [39] , 'Ammar ibn Yasir [25] , Mu'adh ibn Jabal [32]","Ibrahim bin Abi Musa al-Asha'ari [409] , Abu Bakr bin Abi Musa al-Asha'ari [11900] , Abu Barda bin Abi Musa al-Asha'ari [11901] , Musa bin Abi Musa al-Asha'ari [11902] , Umm 'Abdullah bint Abi Duma [5392] , Anas bin Malik [19] , Abu Sa'id al-Khudri [38] , Tariq bin Shahab [3680] , Abu 'Abdur Rahman al-Salmi [11359] , Zar bin Habaysh bin Habasha [11337] , Zayd bin Wahb al-Jhny [11341] , 'Ubaid bin 'Umayr bin Qatada [11259] , 'Auf bin Malik bin Nadlah [10805] , Abu al-Aswad al-Du'ali [11114] , Sa'id ibn al-Musayyib [11002] , Abu 'Uthman al-Nahdi [11113] , Qays bin Abi Hazim [11046] , Abu Rafi' al-Sa'agh [11226] , Abu 'Ubaida bin 'Abdullah bin Mas'ud [15681] , Msrwq bin Aws [18984] , Hzyl bin Shrhbyl al-Awdy al-Kwfy [11660] , Murrah bin Shrahayl al-Hamdani [11391] , Htan bin 'Abdullah [10676] , Raba'i bin Harash bin Jahsh [11334] , Zahdam bin Madrab, Abu Muslim [11589] , Shaqayq bin Salmah al-Asadi [11353] , Safwan bin Mhrz bin Ziyad [11693] , al-Aswad bin Yazid [11054] , 'Abdur Rahman bin Yazid al-Nakha'i [11055] , others","Recitation/Quran, Narrator [ ع  -  صحابي ], Fiqh, Commander","B.Tamim [B.Tamim] , al-Asha'ri [al-Asha'ri] , Early Muslim [Early%20Muslim] , Abyssinia [Abyssinia] , Messenger [Messenger] , Imam [Imam]",NA,"409, 11900, 11901, 11902, 5392, 19, 38, 3680, 11359, 11337, 11341, 11259, 10805, 11114, 11002, 11113, 11046, 11226, 15681, 18984, 11660, 11391, 10676, 11334, 11589, 11353, 11693, 11054, 11055","1, 2, 3, 5, 17, 39, 25, 32",Yemen,[],NA,NA,52,672,Makkah,Natural,male,Abu Musa al-Ash`ari,Abu Musa al-Ash`ari,student,53,,,,Companion,
53,Aisha bint Abi Bakr ( أمّ المؤمنين عائشة بنت أبي بكر الصديق ( رضي الله عنها,Comp.(RA) [1st Generation],Abu Bakr As-Siddique [2] / Umm Ruman [91],Prophet Muhammad(saw) [1],'Abdur Rahman bin Abi Bakr [107],NA,9 BH/614 CE (Makkah),"Makkah, Medina",57 AH/678 CE (17 Ramadan) (Medina)[ Natural ],"Muhammad (saw) [1] , Abu Bakr As-Siddique [2] , 'Umar ibn al-Khattab [3] , Talha ibn 'Ubaidullah [6] , Sa'd ibn Abi Waqqas [9] , Fatima bint Muhammad [63] , Judhama bint Jandal al-Asadiyya [961]","Asma' bint Abi Bakr [70] , 'Abdullah ibn al-Zubayr [106] , Abu Hurairah [13] , ibn Abbas [17] , ibn Umar [18] , Abu Musa al-Asha'ari [41] , 'Amr bin al-'Aas [28] , al-Qasim ibn Muhammad [10535] , 'Urwa ibn al-Zubayr [10511] , 'Abdullah ibn 'Abdur-Rahman ibn Abi Bakr [10520] , Hafsa bint 'Abdur-Rahman ibn Abi Bakr [10521] , Asma bint 'Abdur-Rahman [10522] , Sa'id ibn al-Musayyib [11002] , Others","Recitation/Quran, Tafsir/Quran, Narrator [ ع  -  صحابة ], Fiqh, Seerah","Female [Female] , Quraish [Quraish] , B.Taym [B.Taym] , Mother of the Believers [Mother%20of%20the%20Believers] , Emigrant [Emigrant] , Baqi' [Baqi']",NA,"70, 106, 13, 17, 18, 41, 28, 10535, 10511, 10520, 10521, 10522, 11002","1, 2, 3, 6, 9, 63, 961",Makkah,"['9 BH', '614 CE']",9,614,57,678,"17 Ramadan, Medina",Natural,female,`Aishah bint Abi Bakr,`Aishah bint Abi Bakr,,"1, 2, 3, 6, 9, 63, 961","70, 106, 13, 17, 18, 41, 28, 10535, 10511, 10520, 10521, 10522, 11002, 10504, 10567, 11455",,,Companion,"10504, 10567, 11455 were not originally listed as students - I added them to the specified_students list."
70,Asma' bint Abi Bakr ( أسماء بنت أبي بكر الصديق ( رضي الله عنها,Comp.(RA) [1st Generation],Abu Bakr As-Siddique [2] / Qutaylah bint 'Abdul-'Uzza,Zubayr ibn al-Awwam [7],'Abdullah bin Abi Bakr [110],"'Abdullah ibn al-Zubayr [106] , al-Mundhir bin al-Zubayr [10510] , 'Urwa ibn al-Zubayr [10511] , ''Asim ibn al-Zubayr [10512] , al-Muhajir ibn al-Zubayr [10513] , Khadija al-Kubra bint al-Zubayr [10514] , Ummul Hasan bint al-Zubayr [10515] , 'Aisha bint al-Zubayr [10516]",27 BH (Makkah),"Makkah, Medina",73 AH/692 CE (Medinah)[ Natural ],"Muhammad (saw) [1] ,","'Abdullah ibn al-Zubayr [106] , 'Urwa ibn al-Zubayr [10511] , 'Aabad bin 'Abdullah bin al-Zubair [11250] , 'Abdullah bin 'Urwa [11699] , 'Aabad bin Hamza bin 'Abdullah [10926] , Fatima bint al-Mundhir bin al-Zubayr [10526] , 'Abdullah bin Kysan al-Qurshi [11188] , Wahb bin Kysan al-Quraishi [11231] , Safiyya bint Shayba bin 'Uthman [2802] , ibn Umar [18]","Recitation/Quran, Narrator [ ع  -  صحابة ], Fiqh","Female [Female] , Quraish [Quraish] , B.Taym [B.Taym]",NA,"106, 10511, 11250, 11699, 10926, 10526, 11188, 11231, 2802, 18",1,Makkah,['27 BH'],27,NA,73,692,Medinah,Natural,female,Asma bint Abi Bakr,Asma bint Abi Bakr,student,53,,Sister of `Aishah bint Abi Bakr,,Companion,
106,'Abdullah ibn al-Zubayr ( عبد الله بن الزبير بن العوام ( رضي الله عنه,Comp.(RA) [1st Generation],Zubayr ibn al-Awwam [7] / Asma' bint Abi Bakr [70],NA,"al-Mundhir bin al-Zubayr [10510] , 'Urwa ibn al-Zubayr [10511] , ''Asim ibn al-Zubayr [10512] , al-Muhajir ibn al-Zubayr [10513] , Khadija al-Kubra bint al-Zubayr [10514] , Ummul Hasan bint al-Zubayr [10515] , 'Aisha bint al-Zubayr [10516]","Bakr, Thabit bin 'Abdullah bin al-Zubair [13769] , Hamza bin 'Abdullah bin al-Zubair [13930] , Khabayb bin 'Abdullah bin al-Zubair [18256] , 'Amir bin 'Abdullah [11178] , 'Aabad bin 'Abdullah bin al-Zubair [11250] , 'Umar bin 'Abdullah bin al-Zubair [16836] , Umm 'Amr bint 'Abdullah [19554]",1 AH/624 CE (Medina),"Medinah, Makkah",73 AH (Makkah)[ Martyred  ],"Muhammad (saw) [1] , Zubayr ibn al-Awwam [7] , Abu Bakr As-Siddique [2] , 'Umar ibn al-Khattab [3] , 'Uthman ibn 'Affaan [4] , Ali ibn Abi Talib [5] , 'Aisha bint Abi Bakr [53] , Sufyan bin Abi Zuhyr [5065] , Others","Thabit bin 'Abdullah bin al-Zubair [13769] , Hamza bin 'Abdullah bin al-Zubair [13930] , Khabayb bin 'Abdullah bin al-Zubair [18256] , 'Amir bin 'Abdullah [11178] , 'Aabad bin 'Abdullah bin al-Zubair [11250] , 'Umar bin 'Abdullah bin al-Zubair [16836] , Umm 'Amr bint 'Abdullah [19554] , 'Urwa ibn al-Zubayr [10511]","Recitation/Quran, Commander, Khalifah, Narrator [ ع  -  صحابة ]","Quraish [Quraish] , B.Asad [B.Asad] , Born Muslim [Born%20Muslim] , Child [Child]",NA,"13769, 13930, 18256, 11178, 11250, 16836, 19554, 10511","1, 7, 2, 3, 4, 5, 53, 5065",Medina,"['1 AH', '624 CE']",1,624,73,NA,Makkah,Martyred,male,`Abdullah ibn al-Zubayr,`Abdullah ibn al-Zubayr ibn al-`Awwam,student,53,,Nephew of Aishah bint Abi Bakr,,Companion,
10511,'Urwa ibn al-Zubayr عروة بن الزبير,Follower(Tabi') [3rd Generation],Zubayr ibn al-Awwam [7] / Asma' bint Abi Bakr [70],"Umm Yahya bint al-Hakam b. Abi al-'Aas, Umm Walad, Others","'Abdullah ibn al-Zubayr [106] , al-Mundhir bin al-Zubayr [10510] , ''Asim ibn al-Zubayr [10512] , al-Muhajir ibn al-Zubayr [10513] , Khadija al-Kubra bint al-Zubayr [10514] , Ummul Hasan bint al-Zubayr [10515] , 'Aisha bint al-Zubayr [10516]","Hisham bin 'Urwa [11065] , 'Abdullah bin 'Urwa [11699] , 'Uthman bin 'Urwa bin al-Zubair [11526] , Muhammad bin 'Urwa bin al-Zubair [18935] , Yahya bin 'Urwa bin al-Zubair [11545] , 'Umar, Aswad, 'Ubiadullah, Mus'ab, Umm Yahya, Asma",23 AH/643 CE (Medina),Medina,93 AH/713 CE (Medina)[ Natural ],"Zubayr ibn al-Awwam [7] , 'Abdullah ibn al-Zubayr [106] , Asma' bint Abi Bakr [70] , 'Aisha bint Abi Bakr [53] , Ali ibn Abi Talib [5] , Sa'id bin Zayd [11] , Hakim ibn Hizam [423] , Zayd ibn Thabit [49] , 'Abdullah ibn Ja'far [108] , ibn Abbas [17] , ibn Umar [18] , 'Abdullah bin 'Amr bin al-'Aas [29] , Usamah ibn Zayd [50] , Abu Ayyub al-Ansari [33] , Abu Hurairah [13] , al-Hajjaj bin Malik al-Aslami [4113] , Sufyan bin 'Abdullah bin Rabi'a [5066] , 'Amr bin al-'Aas [28] , Muhammad Ibn Maslama [167] , al-Miswar bin Makhrama bin Nawfal [2201] , al-Mughira ibn Shu'ba [166] , Najiyya bin Jundab bin K'ab [5308] , Abu Hameed al-Sa'idi al-Ansari [1457] , Hisham bin Hakim ibn Hizam [434] , Abu Hurairah [13] , Niyar bin Mukarrurm [5318] , Busra bint Safwan bin Nawfal [861] , Zaynab bint Abi Salamah [244] , 'Umar bin Abi Salamah [246] , Umm Hani bint Abi Talib [198] , Umm Habibah bint Abi Sufyan [59] , Jabir ibn 'Abdullah [34] , al-Nu'man bin Bashir ibn Sa'd [274] , Abu Hameed al-Sa'idi al-Ansari [1457] , 'Ubaidullah bin 'Ady bin al-Khayyar [880] , Marwan bin al-Hakam bin Abi al-'As [858] , Basheer bin Abi Mas'ud [1615] , Hamran bin Aban [11421] , 'Abdullah b. Zama'a [192] , 'Abdur Rahman bin 'Abd al-Qari [3195] , Nafi' bin Jubayr bin Mut'im [11059] , Abu Mrawh al-Ghfary [11551] , Abu Salama bin 'Abdur Rahman [10567] , Several Others","Hisham bin 'Urwa [11065] , 'Abdullah bin 'Urwa [11699] , 'Uthman bin 'Urwa bin al-Zubair [11526] , Muhammad bin 'Urwa bin al-Zubair [18935] , Yahya bin 'Urwa bin al-Zubair [11545] , 'Umar bin 'Abdullah [11529] , Muhammad bin Ja'far bin al-Zubair [11215] , Others","Narrator[Grade:No Doubt] [ ع  -  ثقة ], Fiqh, History, Hadith","Quraish [Quraish] , B.Asad [B.Asad] , Madni [Madni] , Seven Fuqaha [Seven%20Fuqaha] , Imam [Imam]",NA,"11065, 11699, 11526, 18935, 11545, 11529, 11215","7, 106, 70, 53, 5, 11, 423, 49, 108, 17, 18, 29, 50, 33, 13, 4113, 5066, 28, 167, 2201, 166, 5308, 1457, 434, 13, 5318, 861, 244, 246, 198, 59, 34, 274, 1457, 880, 858, 1615, 11421, 192, 3195, 11059, 11551, 10567",Medina,"['23 AH', '643 CE']",23,643,93,713,Medina,Natural,male,`Urwah ibn al-Zubayr,`Urwah ibn al-Zubayr ibn al-`Awwam,student,"53, 11455","11013, 11065",Nephew of Aishah bint Abi Bakr,,Follower,https://isnad.io/hadith/177
10535,al-Qasim ibn Muhammad القاسم بن محمد بن أبي بكر الصديق,Follower(Tabi') [3rd Generation],Muhammad ibn Abi Bakr [168] / Umm Walad,Asma bint 'Abdur-Rahman [10522],Quriabah bin Muhammad [10536],"'Abdur Rahman bin al-Qasim [10530] , Farwa ibn al-Qasim [10531] , Umm Hakim ibn al-Qasim [10532] , 'Abda ibn al-Qasim [10533] ,  [11195]",~38 AH (Medinah),Medinah,106/108 AH (Medinah)[ Natural ],"Muhammad ibn Abi Bakr [168] , 'Aisha bint Abi Bakr [53] , ibn Abbas [17] , ibn Umar [18] , 'Abdullah bin 'Amr bin al-'Aas [29] , 'Abdullah ibn al-Zubayr [106] , 'Abdullah ibn Ja'far [108] , Abu Hurairah [13] , 'Abdullah bin Khabbab ibn al-Aratt [2230] , Mu'awiya ibn Abu Sufyan [27] , Rafi' bin Khadij bin Rafi' [1986] , Salah bin Khuwat bin Jubayr [11175] , Aslam Client Of 'Umar [11416] , عبد الرحمن, Mujma' bin Yazid bin Jariyya [1719] , Fatima bint Qays [224] , Others, أرسل عن بن مسعود","al-Zuhri [11013] , Nafie' [11014] , 'Abdur Rahman bin al-Qasim [10530] ,  [11195] , 'Amir al-Sha'bi [11052] , Salim bin 'Abdullah bin 'Umar [11011] , Yahya bin Sa'id al-Ansari [11062] , 'Abdullah bin 'Ubaidullah b. Abi Mulayka [11090] , 'Ubaidullah bin 'Umar bin Hafs [11201] , Sa'd bin Ibrahim [11063] , 'Ubaidullah bin Mqsm [11521] , Ayoub al-Sakhtiyani [11015] , 'Abdullah bin 'Awn bin Artaban [11071] , Rabi'a bin Yazid al-Damashqi [11414] , Abu al-Zanad [11061] , Ayman bin Nabil [11555] , افلح بن حميد, Thabit bin 'Ubaid al-Ansari [10751] , Hanzala bin Abi Sufyan bin 'Abdur Rahman [11243] , Rabi'ya bin Ata'a al-Zhry [11849] , 'Asim bin 'Ubaidullah [19808] , 'Aabad bin Mnswr [19848] , 'Abdullah bin al-'Ala' [20399] , 'Ikrama bin 'Ammar [10704] , 'Umar bin 'Abdullah [11529] , Mzahr bin Aslm [12508] , Musa bin Srjs [12524] , Abu Bakr bin Muhammad bin 'Amr bin Hazm [11239] , Malik bin Dinar al-Naji [19858] , 'Isa bin Maymun al-Jrshy [23048]","Narrator[Grade:No Doubt] [ ع  -  ثقة ], Fiqh, Seerah, Tafsir/Quran","Quraish [Quraish] , B.Taym [B.Taym] , Madni [Madni] , Seven Fuqaha [Seven%20Fuqaha] , Imam [Imam] , Hafiz [Hafiz]",NA,"11013, 11014, 10530, 11195, 11052, 11011, 11062, 11090, 11201, 11063, 11521, 11015, 11071, 11414, 11061, 11555, 10751, 11243, 11849, 19808, 19848, 20399, 10704, 11529, 12508, 12524, 11239, 19858, 23048","168, 53, 17, 18, 29, 106, 108, 13, 2230, 27, 1986, 11175, 11416, 1719, 224",Medinah,['38 AH'],38,NA,108,NA,Medinah,Natural,male,al-Qasim ibn Muhammad,al-Qasim ibn Muhammad ibn Abi Bakr,student,53,"11555, 10530",Nephew of Aishah bint Abi Bakr,,Follower,
10520,'Abdullah ibn 'Abdur-Rahman ibn Abi Bakr عبد الله بن عبد الرحمن بن أبي بكر الصديق,Follower(Tabi') [3rd Generation],'Abdur Rahman bin Abi Bakr [107] / Qaraybah bint Abi Umayyah al-Sugra [81],'Aisha bint Talha [10504],"Muhammad bin 'Abdur Rahman [208] , Hafsa bint 'Abdur-Rahman ibn Abi Bakr [10521] , Umm Hakim bint 'Abdur-Rahman b. Abi Bakr [10527] , Asma bint 'Abdur-Rahman [10522]","Talha bin 'Abdullah [12193] , Abu bakr, 'Imran, 'Abdur Rahman, Nafisa, Umm Farwa",(Medinah),Medinah,(Medinah)[ Natural ],"'Abdur Rahman bin Abi Bakr [107] , Umm Salamah [56]","Talha bin 'Abdullah [12193] , Asma bint 'Abdur-Rahman [10522] , al-Qasim ibn Muhammad [10535]","Narrator[Grade:No Doubt] [ خ  م  خد  س  ق  -  مقبول ], Fiqh","Quraish [Quraish] , B.Taym [B.Taym] , Madni [Madni]",NA,"12193, 10522, 10535","107, 56",Medinah,[],NA,NA,NA,NA,Medinah,Natural,male,`Abdullah ibn `Abdur-Rahman,`Abdullah ibn `Abdur-Rahman ibn Abi Bakr,student,53,,Nephew of Aishah bint Abi Bakr,,Follower,
10522,Asma bint 'Abdur-Rahman أسماء بنت عبد الرحمن بن أبى بكر الصديق,Follower(Tabi') [3rd Generation],'Abdur Rahman bin Abi Bakr [107] / Umm Walad,al-Qasim ibn Muhammad [10535],NA,"'Abdur Rahman bin al-Qasim [10530] , Farwa ibn al-Qasim [10531] , Umm Hakim ibn al-Qasim [10532] , 'Abda ibn al-Qasim [10533]",(Medinah),Medinah,(Medinah)[ Natural ],'Aisha bint Abi Bakr [53],'Abdur Rahman bin al-Qasim [10530],Narrator[Grade:No Doubt] [ خد  -  مقبول ],"Female [Female] , Quraish [Quraish] , B.Taym [B.Taym]",NA,10530,53,Medinah,[],NA,NA,NA,NA,Medinah,Natural,female,Asma bint `Abdur-Rahman,Asma bint `Abdur-Rahman ibn Abi Bakr,student,53,,Niece of Aishah bint Abi Bakr,,Follower,
11002,Sa'id ibn al-Musayyib سعيد بن المسيب بن حزن أبو محمد القرشي,Follower(Tabi') [2nd Generation],al-Musayyib bin Hazn b. Abi Wahb [2070] / Umm Sa'id bint Sakhar bin Hakim [2077],"Umm Habib bint Abi Karim from Daus, Umm Walad",NA,"Muhammad bin Sa'id bin al-Musayyib [12459] , Sa'id, Ilyas, Umm 'Uthman, Umm 'Amr, Fakhta, Maryum",14 AH/637 CE (Medinah),Medinah,94 AH/715 CE (Medinah)[ Natural ],"Abu Bakr As-Siddique [2] , 'Umar ibn al-Khattab [3] , 'Uthman ibn 'Affaan [4] , Ali ibn Abi Talib [5] , Sa'd ibn Abi Waqqas [9] , Hakim ibn Hizam [423] , ibn Abbas [17] , ibn Umar [18] , 'Abdullah bin 'Amr bin al-'Aas [29] , أبيه المسيب, Ma'mar bin 'Abdullah [783] , Abu Dharr al-Ghaffari [23] , Abu al-Darda [37] , Hassan ibn Thabit [452] , Hakim ibn Hizam [423] , Zayd ibn Thabit [49] , 'Abdullah bin Zayd Mazni [605] , 'Attab bin Usayd bin Abi al-'Is [994] , 'Uthman bin Abi al-'Aas al-Thaqafi [3210] , Abu Tha'laba al-Khushni [4056] , Abu Qatada ibn Rab'i [391] , Abu Musa al-Asha'ari [41] , Abu Sa'id al-Khudri [38] , Abu Hurairah [13] , كان زوج ابنته, 'Aisha bint Abi Bakr [53] , Asma bint 'Umays [69] , Khawlah bint Hakim [76] , Fatima bint Qays [224] , Umm Sulaym bint Milhan [83] , Umm Shareek [187] , Several","ابنه محمد, Salim bin 'Abdullah bin 'Umar [11011] , al-Zuhri [11013] , قتال, Sharayk bin 'Abdullah bin Abi Namr [11858] , Abu al-Zanad [11061] , Sa'd bin Ibrahim [11063] , 'Amr bin Murrah bin 'Abdullah [11381] , Yahya bin Sa'id al-Ansari [11062] , Da'ud bin Abi Hnd [11585] , Tarq bin 'Abdur Rahman [11355] , 'Abdul Hameed bin Jubayr bin Shayba [11255] , Abdul Khaliq bin Salma [10700] , 'Abdul Majeed bin Sahl bin 'Abdur Rahman [11705] , 'Amr bin Muslim bin'Umara bin Akayma [10604] , Muhammad bin 'Ali b. al-Hussain al-Baqir [11442] , Muhammad bin al-Munkdar bin 'Abdullah [11048] , Hashim bin Hashim bin 'Utba [11227] , Yonus bin Yusuf bin Hmas [10987]","Narrator[Grade:Thiqah Thiqah] [ ع  - ], Fiqh, Seerah, Tafsir/Quran","Quraish [Quraish] , B.Makhzum [B.Makhzum] , Madni [Madni] , Seven Fuqaha [Seven%20Fuqaha] , Imam [Imam]",NA,"11011, 11013, 11858, 11061, 11063, 11381, 11062, 11585, 11355, 11255, 10700, 11705, 10604, 11442, 11048, 11227, 10987","2, 3, 4, 5, 9, 423, 17, 18, 29, 783, 23, 37, 452, 423, 49, 605, 994, 3210, 4056, 391, 41, 38, 13, 53, 69, 76, 224, 83, 187",Medinah,"['14 AH', '637 CE']",14,637,94,715,Medinah,Natural,male,Sa`id ibn al-Musayyib,Sa`id ibn al-Musayyib,student,53,,,,Follower,he learned from many female teachers too https://isnad.io/rawi/11002
2,Abu Bakr As-Siddique ( أبو بكر الصديق ( رضي الله عنه,Comp.(RA) [1st Generation],Abu Quhafa Uthman bin 'Amir [500] / Salma Umm-ul-Khair [501],"Qutaylah bint Abdul-'Uzza, Umm Ruman [91] , Asma bint 'Umays [69] , Habiba bint Kharijah ibn Zayd [203]","Quafah ibn Uthman, Mu'taq, Utaiq","Asma' bint Abi Bakr [70] , 'Abdullah bin Abi Bakr [110] , 'Aisha bint Abi Bakr [53] , 'Abdur Rahman bin Abi Bakr [107] , Muhammad ibn Abi Bakr [168] , Umm Khultum bint Abi Bakr [10500]",51 BH/573 CE (Makkah),"Makkah, Medina",13 AH/634 CE (Medina)[ Natural ],"Muhammad (saw) [1] ,","'Umar ibn al-Khattab [3] , 'Uthman ibn 'Affaan [4] , Ali ibn Abi Talib [5] , 'Abdur Rahman Ibn 'Awf [8] , Zayd ibn Thabit [49] , 'Aisha bint Abi Bakr [53] , 'Abdur Rahman bin Abi Bakr [107] , Muhammad ibn Abi Bakr [168] , ibn Abbas [17] , 'Abdullah ibn al-Zubayr [106] , ibn Umar [18] , 'Abdullah bin 'Amr bin al-'Aas [29] , Anas bin Malik [19] , Jabir ibn 'Abdullah [34] , al-Bara' bin Azib bin al-Harith [400] , Abu Sa'id al-Khudri [38] , Abu Hurairah [13] , Tariq bin Shahab [3680] , 'Uqba binal-Harith bin 'Amir [872] , Abu al-Tufayl, 'Amir bin Wathla [3660] , 'Abdur Rahman bin 'Asayla al-Sanabahi [11194] , Aslam Client Of 'Umar [11416] , Qays bin Abi Hazim [11046] , Awsat al-Bajli [17003] , others","Tafsir/Quran, Recitation/Quran, Narrator [ ع  -  صحابة ], Commander, Khalifah","Quraish [Quraish] , B.Taym [B.Taym] , Early Muslim [Early%20Muslim] , Emigrant [Emigrant] , Badr [Badr] , Uhud [Uhud] , Khandaq [Khandaq] , Scribe [Scribe] , Promised Paradise [Promised%20Paradise]",NA,"3, 4, 5, 8, 49, 53, 107, 168, 17, 106, 18, 29, 19, 34, 400, 38, 13, 3680, 872, 3660, 11194, 11416, 11046, 17003",1,Makkah,"['51 BH', '573 CE']",51,573,13,634,Medina,Natural,male,Abu Bakr as-Siddiq,Abu Bakr as-Siddiq,teacher,1,53,Father of Aishah bint Abi Bakr and the first caliph ,,Companion,
3,'Umar ibn al-Khattab ( عمر بن الخطاب بن نفيل ( رضي الله عنه,Comp.(RA) [1st Generation],Khattab ibn Nufayl / Hantamah bint Hisham Makhzumi,"Zaynab bint Maz'un [124] , Umm Kulthum bint 'Amr (Jarwal) [186] , Qaraybah bint Abi Umayyah al-Sugra [81] , Jamila bint Thabit ibn Abi al-Aflah [564] , 'Atikah bint Zayd [196] , Umm Kulthum bint 'Ali bin Abi Talib [99] , Umm Hakim [93] , Umm Walad(Lihayyah), Umm Walad(Fakhihah)","Zayd ibn al-Khattab [114] , Fatima bint al-Khattab [78] , Safiyah bint al-Khattab [445]","ibn Umar [18] , Hafsa bint Umar [54] , 'Abdur Rahman bin 'Umar (Akbar) [560] , 'Ubaidallah bin 'Umar [561] , Zayd bin 'Umar [562] , 'Asim bin 'Umar [563] , 'Iyad bin 'Umar [10577] , Zaid (older) bin 'Umar [10575] , Ruqayyah bint 'Umar [10576] , Fatima bint 'Umar [10578] , 'Abdur Rahman(middle), 'Abdur Rahman(younger), Zainab bint 'Umar [10579]",41 BH/582 CE (Makkah),"Makkah, Medina",23 AH/645 CE (Medinah)[ Martyred  ],"Muhammad (saw) [1] , Abu Bakr As-Siddique [2]","Hafsa bint Umar [54] , ibn Umar [18] , 'Asim bin 'Umar [563] , 'Uthman ibn 'Affaan [4] , Ali ibn Abi Talib [5] , Talha ibn 'Ubaidullah [6] , Sa'd ibn Abi Waqqas [9] , 'Abdur Rahman Ibn 'Awf [8] , Ubayy ibn Ka'b [39] , ibn Mas'ud [16] , Mu'awiya ibn Abu Sufyan [27] , 'Amr bin al-'Aas [28] , Zayd ibn Thabit [49] , 'Abdullah bin 'Amr bin al-'Aas [29] , 'Abdullah ibn al-Zubayr [106] , ibn Abbas [17] , 'Aisha bint Abi Bakr [53] , Anas bin Malik [19] , al-Bara' bin Azib bin al-Harith [400] , Abu Hurairah [13] , Abu Musa al-Asha'ari [41] , 'Uqba bin 'Amir al-Juhayni [189] , Abu Qatada ibn Rab'i [391] , 'Adi ibn Hatim al-Tayyi' [212] , Hudhayfah ibn al-Yaman [145] , Ash'uth bin Qays [485] , al-Nu'man bin Bashir ibn Sa'd [274] , Jarir bin 'Abdullah al-Bajli [4057] , Ka'b bin 'Ajra al-Salmi, al-Ansari [4052] , al-Miswar bin Makhrama bin Nawfal [2201] , Sufyan bin 'Abdullah bin Rabi'a [5066] , Shayba bin 'Uthman [2801] , 'Abdullah bin 'Unays al-Juhani [1048] , Hamza bin 'Amr al-Aslami [4123] , Naf' bin Abd al-Harith [5309] , Fadala bin 'Ubaid bin Naqid [1935] , Abu Umamah Or Abu Umayya [15659] , others","Tafsir/Quran, Recitation/Quran, Narrator [ ع  -  صحابة ], Commander, Khalifah","Quraish [Quraish] , B.'Adi [B.'Adi] , Emigrant [Emigrant] , Badr [Badr] , Uhud [Uhud] , Khandaq [Khandaq] , Scribe [Scribe] , Promised Paradise [Promised%20Paradise]",NA,"54, 18, 563, 4, 5, 6, 9, 8, 39, 16, 27, 28, 49, 29, 106, 17, 53, 19, 400, 13, 41, 189, 391, 212, 145, 485, 274, 4057, 4052, 2201, 5066, 2801, 1048, 4123, 5309, 1935, 15659","1, 2",Makkah,"['41 BH', '582 CE']",41,582,23,645,Medinah,Martyred,male,`Umar ibn al-Khattab,`Umar ibn al-Khattab,teacher,1,53,The second caliph,,Companion,
6,Talha ibn 'Ubaidullah ( طلحة بن عبيد الله ( رضي الله عنه,Comp.(RA) [1st Generation],'Ubaidullah b. 'Uthman b. 'Amr / as-Sa'bah bint al-Hadrami [585],"Hamnah bint Jahsh [72] , Khawla bint al-Qa'Qa' [580] , Umm Aban bint 'Utba b. Rabi'a [581] , Umm Khultum bint Abi Bakr [10500] , Suada bint 'Auf al-Murriya [582] , al-Jarba' bint Qasama al-Tayyi' [583]",'Uthman bin 'Ubaidullah [2704],"Muhammad As-Sajjad ibn Talha [577] , 'Imran ibn Talha [578] , Musa ibn Talha [579] , Ya'qub ibn Talha [10597] , Isma'il ibn Talha [10598] , Ishaq ibn Talha [10599] , Zakariyya bin Talha [10502] , Yusuf ibn Talha [10503] , 'Aisha bint Talha [10504] , 'Isa bin Talha bin 'Ubaidullah [10573] , Yahya ibn Talha [10574] , Umm Ishaq",28 BH/596 CE (Makkah),"Makkah, Medinah",36 AH/656 CE (Medinah)[ Martyred(Jamal) ],"Muhammad (saw) [1] , Abu Bakr As-Siddique [2] , 'Umar ibn al-Khattab [3]","Muhammad As-Sajjad ibn Talha [577] , 'Imran ibn Talha [578] , Musa ibn Talha [579] , Isma'il ibn Talha [10598] , 'Isa bin Talha bin 'Ubaidullah [10573] , Yahya ibn Talha [10574] , 'Aisha bint Talha [10504] , Jabir ibn 'Abdullah [34] , 'Abdur Rahman bin 'Uthman [2705] , al-Sa'ib bin Yazid bin Akht Namr [3048] , Rabi'a bin 'Abdullah bin al-Hudayr [2711] , 'Abdullah ibn Shaddad [169] , Abu Salama bin 'Abdur Rahman [10567] , Qays bin Abi Hazim [11046] , Malik bin Aws bin al-Hadathan [5030] , Abu 'Uthman al-Nahdi [11113] , Malik bin Abi 'Amir [11443] , Others","Recitation/Quran, Narrator [ ع  -  صحابة ], Commander","Quraish [Quraish] , B.Taym [B.Taym] , Early Muslim [Early%20Muslim] , Emigrant [Emigrant] , Uhud [Uhud] , Khandaq [Khandaq] , Promised Paradise [Promised%20Paradise]",NA,"577, 578, 579, 10598, 10573, 10574, 10504, 34, 2705, 3048, 2711, 169, 10567, 11046, 5030, 11113, 11443","1, 2, 3",Makkah,"['28 BH', '596 CE']",28,596,36,656,"Medinah, Jamal",Martyred,male,Talha ibn `Ubaydillah,Talha ibn `Ubaydillah,teacher,1,53,,,Companion,
9,Sa'd ibn Abi Waqqas ( سعد بن أبي وقاص ( رضي الله عنه,Comp.(RA) [1st Generation],Malik bin Uhaib bin 'Abd Manaf / Hamnah bint Sufyan bin Umayyah bin 'Abd Shams,"bint Shihab bin 'Abdullah, Maria bint Qays, Umm 'Amir, Umm Hakim bint Qariz bin Khalid [596] , Others","'Amir ibn Abi Waqqas [175] , 'Umayr ibn Abi Waqqas [822] , 'Utba ibn Abi Waqqas [2240]","Ishaq bin Sa'd ibn Abi Waqqas [597] , Umm Hakam, 'Umar bin Sa'd ibn Abi Waqqas [598] , Muhammad bin Sa'd ibn Abi Waqqas [10553] , Umm Qasim, Umm Khultum, 'Amir bin Sa'd ibn Abi Waqqas [10554] , Isma'il bin Sa'd ibn Abi Waqqas [10555] , Mus'ub bin Sa'd ibn Abi Waqqas [10556] , Ibrahim bin Sa'd ibn Abi Waqqas [10557] , Ya'qub bin Sa'd ibn Abi Waqqas [10558] , 'Aisha bint Sa'd ibn Abi Waqqas [10559] , Yahya bin Sa'd ibn Abi Waqqas [10537] , Salih, 'Abdullah bin Sa'd ibn Abi Waqqas [10534] , 'Abdur Rahman, 'Umayr bin Sa'd ibn Abi Waqqas [10538] , 'Amr bin Sa'd ibn Abi Waqqas [10539] , Others",39 BH/584 CE (Makkah),"Makkah, Medina, Kufa",55 AH/664 CE ((Al-'Atiq) Medina)[ Natural ],"Muhammad (saw) [1] , Khawlah bint Hakim [76]","'Umar bin Sa'd ibn Abi Waqqas [598] , Muhammad bin Sa'd ibn Abi Waqqas [10553] , 'Amir bin Sa'd ibn Abi Waqqas [10554] , Isma'il bin Sa'd ibn Abi Waqqas [10555] , Mus'ub bin Sa'd ibn Abi Waqqas [10556] , Ibrahim bin Sa'd ibn Abi Waqqas [10557] , Ya'qub bin Sa'd ibn Abi Waqqas [10558] , 'Aisha bint Sa'd ibn Abi Waqqas [10559] , 'Aisha bint Abi Bakr [53] , ibn Umar [18] , ibn Abbas [17] , Jabir bin Samra [393] , al-Sa'ib bin Yazid bin Akht Namr [3048] , Tha'laba bin Sa'ayr [5003] , Malik bin Aws bin al-Hadathan [5030] , Ibrahim bin 'Abdur Rahman [584] , Abu 'Uthman al-Nahdi [11113] , Abu 'Abdur Rahman al-Salmi [11359] , 'Alqama bin Qays [11017] , Basr bin Sa'id al-Madni [11153] , al-Ahnaf bin Qays [11112] , Sharih bin Hani' al-Harithi [10774] , 'Amr bin Maymun al-Aw'di [11382] , Mujahid bin Jabir [11028] , Dinar Abu 'Abdullah al-Qaraz [11846] , Ghnym bin Qays al-Mazny [10710] , Others","Recitation/Quran, Narrator [ ع  -  صحابة ], Fiqh, Commander","Quraish [Quraish] , B.Zuhrah [B.Zuhrah] , Early Muslim [Early%20Muslim] , Emigrant [Emigrant] , Badr [Badr] , Uhud [Uhud] , Khandaq [Khandaq] , Baqi' [Baqi'] , Promised Paradise [Promised%20Paradise]",NA,"598, 10553, 10554, 10555, 10556, 10557, 10558, 10559, 53, 18, 17, 393, 3048, 5003, 5030, 584, 11113, 11359, 11017, 11153, 11112, 10774, 11382, 11028, 11846, 10710","1, 76",Makkah,"['39 BH', '584 CE']",39,584,55,664,(Al-'Atiq,Natural,male,Sa`d ibn Abi Waqqas,Sa`d ibn Abi Waqqas,teacher,1,53,,,Companion,
63,Fatima bint Muhammad ( فاطمة الزهراء بنت محمد بن عبد الله ( رضي الله عنها,Comp.(RA) [1st Generation],Prophet Muhammad(saw) [1] / Khadijah [51],Ali ibn Abi Talib [5],"al-Qasim bin Muhammad [516] , Zaynab bint Muhammad [97] , Ruqayyah bint Muhammad [102] , Umm Kulthum bint Muhammad [94] , 'Abdullah bin Muhammad [517]","Hassan ibn Ali bin Abi Talib [30] , Hussain ibn 'Ali ibn Abi Talib [31] , Zaynab bint 'Ali bin Abi Talib [98] , Umm Kulthum bint 'Ali bin Abi Talib [99]",16 BH/605 CE (Makkah),"Makkah, Medina",11 AH/632 CE (Medina)[ Natural ],"Muhammad (saw) [1] ,","Hassan ibn Ali bin Abi Talib [30] , Hussain ibn 'Ali ibn Abi Talib [31] , Ali ibn Abi Talib [5] , 'Aisha bint Abi Bakr [53] , Umm Salamah [56] , Anas bin Malik [19] , Salma [171]","Recitation/Quran, Narrator [ ع  -  صحابة ]","Female [Female] , Quraish [Quraish] , B.Hashim [B.Hashim] , Prophet's Child [Prophet's%20Child] , Early Muslim [Early%20Muslim] , Emigrant [Emigrant]",NA,"30, 31, 5, 53, 56, 19, 171",1,Makkah,"['16 BH', '605 CE']",16,605,11,632,Medina,Natural,female,Fatimah bint Muhamamd,Fatimah bint Muhamamd,teacher,1,53,Daughter of the Prophet and step-daughter of Aishah bint Abi Bakr,,Companion,
961,Judhama bint Jandal al-Asadiyya ( جذامة بنت جندل/جدامة بنت وهب الأسدية ( رضي الله عنها,Comp.(RA) [1st Generation],NA,Unays bin Qatada [1720],'Ukkasha bin Whab al-Asadi [973],NA,(Makkah),"Makkah, Medina",(Medina)[ Natural ],"Muhammad (saw) [1] ,",'Aisha bint Abi Bakr [53],Recitation/Quran,"Female [Female] , Non-Quraish [Non-Quraish] , B.Asad B.Khuzayma [B.Asad%20B.Khuzayma] , Ally B.Abd Shams [Ally%20B.Abd%20Shams] , Early Muslim [Early%20Muslim] , Emigrant [Emigrant]",NA,53,1,Makkah,[],NA,NA,NA,NA,Medina,Natural,female,Juthamah bint Jandal al-Asadiyyah,Juthamah bint Jandal al-Asadiyyah,teacher,1,53,,,Companion,
10504,'Aisha bint Talha عائشة بنت طلحة بن عبيد الله التيمى,Follower(Tabi') [3rd Generation],Talha ibn 'Ubaidullah [6] / Umm Khultum bint Abi Bakr [10500],"'Abdullah ibn 'Abdur-Rahman ibn Abi Bakr [10520] , Mus'ab ibn al-Zubayr [10540] , 'Umar ibn 'Ubaydullah at-Taymi","Zakariyya bin Talha [10502] , Yusuf ibn Talha [10503]","Talha bin 'Abdullah [12193] , Abu Bakr, 'Imran, 'Abdur Rahman, Nafisa, Umm Farwa",(Medinah),Medinah,110 AH (Medinah)[ Natural ],'Aisha bint Abi Bakr [53],"Talha bin 'Abdullah [12193] , Habib bin Abi Fadalan/Fadala [14069] , Talha bin Yahya bin Talha [11863] , Mua'wiya bin Ishaq bin Talha [11723] , al-Minhal bin 'Amr al-Asadi [11656] , Fdyl bin 'Amr al-Fqymy [10810] , 'Ata' bin Abi Rabah [11029]","Narrator[Grade:Thiqah Thiqah] [ ع  -  ثقة ], Fiqh","Female [Female] , Quraish [Quraish] , B.Taym [B.Taym]",NA,"12193, 14069, 11863, 11723, 11656, 10810, 11029",53,Medinah,[],NA,NA,110,NA,Medinah,Natural,female,`Aishah bint Talhah,`Aishah bint Talhah ibn `Ubaydillah,student,53,,,,Follower,"she also had a lot of students, try to find some who narrated from her aishah-narrated hadiths. https://isnad.io/rawi/10504, https://isnad.io/hadith/115"
10567,Abu Salama bin 'Abdur Rahman أبو سلمة بن عبد الرحمن بن عوف,Follower(Tabi') [3rd Generation],'Abdur Rahman Ibn 'Awf [8] / Tumadir bint al-Asbagh Kalbia [593],"Umm Walad, Umm Hasan, Umm Walad, Umm 'Uthman, Burayha of B. Zuhra","Muhammad bin 'Abdur-Rahman [588] , Ibrahim bin 'Abdur Rahman [584] , 'Umar bin 'Abdur Rahman bin Awf [10560] , Humaid bin 'Abdur Rahman [10561] , Zayd bin 'Abdur Rahman [10562] , 'Urwa (Akbar) bin 'Abdur Rahman [10563] , Salim(Asghar) bin 'Abdur Rahman [10564] , Abu Bakr bin 'Abdur Rahman [10566] , 'Abdullah bin 'Abdur Rahman [10565] , 'Abdur Rahman bin 'Abdur Rahman [10568] , Mus'ub bin 'Abdur Rahman [10569]","Salma, Tamadur, Hasan, Husain, Abu Bakr, 'Abdul Jabbar, 'Abdul 'Aziz, Na'ila, Salma, 'Abdul Malik, Umm Khultum(akb), Umm Khultum(sug), Umm 'Abdullah, Asma, 'Umar",(Medina),Medina,94 AH or 104 AH (Medina)[ Natural ],"Abu Hurairah [13] , ibn Abbas [17] , ibn Umar [18] , 'Abdur Rahman Ibn 'Awf [8] , 'Uthman ibn 'Affaan [4] , Talha ibn 'Ubaidullah [6] , 'Ubada bin As-Samit [40] , Abu al-Darda [37] , 'Atika bint 'Awf [590] , Zaynab bint al-'Awwam bin Khuwaylid [431] , Rafi' bin Khadij bin Rafi' [1986] , Abu Qatada ibn Rab'i [391] , 'Aisha bint Abi Bakr [53] , Umm Salamah [56] , Zaynab bint Abi Salamah [244] , 'Abdullah bin Saalam [103] , Mu'awiya ibn Abu Sufyan [27] , Rabi'ah ibn Kab al-Aslami [464] , 'Abdullah bin 'Amr bin al-'Aas [29] , Anas bin Malik [19] , Abu Sa'id al-Khudri [38] , Jabir ibn 'Abdullah [34] , Fatima bint Qays [224] , 'Ata ibn Yasar [11020] , others","Son, Sa'd bin Ibrahim [11063] , 'Abdul Majeed bin Sahl bin 'Abdur Rahman [11705] , Zrarh bin Mus'ab bin Abd [12101] , 'Abdur Rahman bin Harmaz al-A'araj [11197] , 'Abd Rabba bin Sa'id bin Qays bin 'Amr [11191] , 'Urwa ibn al-Zubayr [10511] , al-Zuhri [11013] , Muhammad bin Ibrahim bin al-Harith [11213] , Yahya bin Abi Kathir [11449] , al-Aswad bin al-'Ala' bin Jaryh [10890] , Hameed bin Ziyad [11841] , Salm Abi al-Nadr [11164] , Sa'id bin Abi Sa'id (Kaysan) [11168] , Abu Hazam bin Sakhar bin al-Ayla [19235] , Salmah bin Kahayl al-Hadrami [11350] , Sulaiman bin Abi Muslim al-Ahwal [11247] , 'Amir al-Sha'bi [11052] , 'Abdullah bin Abi Labid [11515] , 'Abdullah bin Yazid al-Makhzumi [11189] , Yahya bin Sa'id al-Ansari [11062] , 'Umar bin al-Hakam bin Thuban [11897]","Narrator[Grade:Thiqah Thiqah] [ ع  -  ثقة ], Fiqh","Quraish [Quraish] , B.Zuhrah [B.Zuhrah] , Madni [Madni] , Imam [Imam]",NA,"11063, 11705, 12101, 11197, 11191, 10511, 11013, 11213, 11449, 10890, 11841, 11164, 11168, 19235, 11350, 11247, 11052, 11515, 11189, 11062, 11897","13, 17, 18, 8, 4, 6, 40, 37, 590, 431, 1986, 391, 53, 56, 244, 103, 27, 464, 29, 19, 38, 34, 224, 11020",Medina,[],NA,NA,94,NA,Medina,Natural,female,Abu Salamah ibn `Abdur-Rahman,Abu Salamah ibn `Abdur-Rahman,student,53,,,,Follower,"he also had a lot of students, try to find some who narrated from his aishah-narrated hadiths. https://isnad.io/rawi/10567, https://isnad.io/hadith/178"
11455,'Umarh bint 'Abdur Rahman عمرة بنت عبد الرحمن بن سعد بن زرارة,Follower(Tabi') [3rd Generation],'Abdur Rahman bin Sa'd bin Zurara [1204],NA,Muhammad bin 'Abdur Rahman bin Sa'd [11219],Muhammad bin 'Abdur Rahman bin Haritha [10959],(Medina),Medina,98 AH or 106 AH ()[ Natural ],"'Aisha bint Abi Bakr [53] , Umm Hisham bint Haritha bin al-Nu'man [1259] , Habiba bint Sahl bin Tha'laba [1264] , Hamnah bint Jahsh [72]","Muhammad bin 'Abdur Rahman bin Haritha [10959] , Muhammad bin 'Abdur Rahman bin Sa'd [11219] , Yahya bin 'Abdullah bin 'Abdur Rahman [10633] , Abu Bakr bin Muhammad bin 'Amr bin Hazm [11239] , 'Abdullah bin Abi Bakr bin Muh. b. 'Amr [11104] , al-Zuhri [11013] , 'Urwa ibn al-Zubayr [10511] , Sulayman ibn Yasar [11005] , others",Narrator[Grade:Thiqah] [ ع  -  ثقة ],"Female [Female] , Ansar [Ansar] , Khazraj [Khazraj] , B.Malik B.al-Najjar [B.Malik%20B.al-Najjar]",NA,"10959, 11219, 10633, 11239, 11104, 11013, 10511, 11005","53, 1259, 1264, 72",Medina,[],NA,NA,98,NA,,Natural,female,`Amrah bint `Abd ur-Rahman,`Amrah bint `Abd ur-Rahman ibn Sa`d ibn Zararah,student,53,10511,,,Follower,"https://isnad.io/rawi/11455, https://isnad.io/hadith/257, she also taught urwah ibn az-zubayr (not sure if the hadith she taught him came from aishah or not tho)"
11555,Ayman bin Nabil أيمن بن نابل الحبشي,Follower(Tabi') [5th generation],NA,NA,NA,NA,NA,"Abyssinia, Makkah, 'Asqalan",~160 AH (est.) ()[ Natural ],"Qdamh bin 'Abdullah [15463] , Nabl Sahb al-Ba'a [19063] , Muhammad bin Muslim bin Tadras [11263] , al-Qasim ibn Muhammad [10535] , Tawus bin Kaysan [11053] , 'Ata' bin Abi Rabah [11029] , Mujahid bin Jabir [11028] , Others","Musa bin 'Uqba [11106] , Ma'tmar bin Sulaiman-al-Taufayl [20288] , Waki' bin al-Jarrah [20032] , 'Abdur Rahman bin Mahdi [20033] , 'Abdur-Razzaq [20121] , 'Isa bin Yonus bin Abi Ishaq [20347] , Muhammad bin Bakr bin 'Uthman al-Barsani [20277] , Makki bin Ibrahim bin Bashayr [20202] , al-Dahhak bin Mukhlad Abu 'Asim al-Nabil [20241]",Narrator[Grade:Sadooq/Delusion] [ خ  ت  س  ق  -  صدوق له أوهام ],"Abyssinia [Abyssinia] , al-Makki [al-Makki] , al-'Asqalani [al-'Asqalani]",NA,"11106, 20288, 20032, 20033, 20121, 20347, 20277, 20202, 20241","15463, 19063, 11263, 10535, 11053, 11029, 11028",NA,NA,NA,NA,160,NA,"est., ",Natural,male,Ayman ibn Nabil,Ayman ibn Nabil,student's student,10535,,,,Follower,"via al-Qasim bin Muhammad, https://isnad.io/hadith/112"
10530,'Abdur Rahman bin al-Qasim عبد الرحمن بن القاسم بن محمد بن أبي بكر,Follower(Tabi') [6th generation],al-Qasim ibn Muhammad [10535] / Asma bint 'Abdur-Rahman [10522],NA,"Farwa ibn al-Qasim [10531] , Umm Hakim ibn al-Qasim [10532] , 'Abda ibn al-Qasim [10533]",NA,~50 AH (Medina),Medina,126 AH or after (Medina)[ Natural ],"al-Qasim ibn Muhammad [10535] , Sa'id ibn al-Musayyib [11002] , 'Abdullah bin 'Abdullah Ibn 'Umar [11814] , Salim bin 'Abdullah bin 'Umar [11011] , Nafie' [11014] , Muhammad bin Ja'far bin al-Zubair [11215] , Others","Smak bin Hrb bin Aws [10770] , al-Zuhri [11013] , 'Ubaidullah bin 'Umar bin Hafs [11201] , Muhammad bin Ajlan al-Madni [10616] , Hisham bin 'Urwa [11065] , Mnswr bin Zadhan [11444] , Yahya bin Sa'id al-Ansari [11062] , Musa bin 'Uqba [11106] , Ayoub al-Sakhtiyani [11015] , Hameed bin Abi Hameed [11279] , Imam Maalik [20001] , Shu'bah bin al-Hajjaj [20020] , Skhr bin Jwyryh Abu [20429] , Hammad bin Salama [20021] , Sufyan bin Saâid Ath-Thawri [20012] , 'Abdur Rahman bin 'Amr al-Awza'i [20024] , Ibn Jurayj [11070] , al-Laith bin Sa'd [20023] , 'Amr bin al-Harith bin Ya'qub [20377] , Yazid bin 'Abdullah bin Usama B. al-Haad [11234] , Ibn Ishaq [11107] , 'Abdul 'Aziz bin 'Abdullah al-Majashun [20026] , 'Abdur Rahman bin 'Abdullah bin 'Utba [20724] , Sufyan bin 'Uyaynah [20005]","Narrator[Grade:Thiqah] [ ع  -  ثقة ], Fiqh","Quraish [Quraish] , B.Taym [B.Taym] , al-Madni [al-Madni]",NA,"10770, 11013, 11201, 10616, 11065, 11444, 11062, 11106, 11015, 11279, 20001, 20020, 20429, 20021, 20012, 20024, 11070, 20023, 20377, 11234, 11107, 20026, 20724, 20005","10535, 11002, 11814, 11011, 11014, 11215",Medina,['50 AH'],50,NA,126,NA,Medina,Natural,male,`Abdur-Rahman ibn al-Qasim ,`Abdur-Rahman ibn al-Qasim ibn Muhammad ibn Abi Bakr,student's student,10535,,"Son of al-Qasim ibn Muhammad, and great-nephew of `Aishah bint Abi Bakr",,Follower,"via his father al-Qasim ibn Muhammad ibn Abi Bakr, https://isnad.io/hadith/134"
11013,"al-Zuhri ابن شهاب الزهري‎, محمد بن مسلم",Follower(Tabi') [4th generation],Muslim b. 'Ubaidullah b. 'Abdullah,NA,'Abdullah bin Muslim bin 'Ubaidullah [11872],NA,51 AH/671 CE (Medinah),"Medinah, Syria",124 AH/741 CE (Medinah)[ Natural ],"ibn Umar [18] , 'Abdullah ibn Ja'far [108] , Rabi'yah bin 'Aabad al-D'ila [6156] , al-Miswar bin Makhrama bin Nawfal [2201] , 'Abdur Rahman bin Azhar bin 'Abd 'Awf [2216] , 'Abdullah bin 'Amir bin Rabi'a [709] , Sahl bin Sa'd bin Malik [399] , Anas bin Malik [19] , Jabir ibn 'Abdullah [34] , Abu al-Tufayl, 'Amir bin Wathla [3660] , al-Sa'ib bin Yazid bin Akht Namr [3048] , Mahmud bin al-Rabi' bin Saraqa [5278] , Mahmud bin Labid bin 'Uqba [1830] , Tha'laba bin Abi Malik [5004] , Sanin Abu Jamila [5079] , Abu Umama bin Sahl [405] , Qubaysa bin Zuwayb [5232] , Malik bin Aws bin al-Hadathan [5030] , Abu Idrees al-Khulani [11027] , 'Abdullah ibn al-Harith ibn Nawfal [912] , Ibrahim bin 'Abdullah [11150] , 'Amir bin Sa'd ibn Abi Waqqas [10554] , Isma'il bin Muhammad bin Sa'd [11500] , Ja'far bin 'Amr bin Umayya [11501] , al-Hasan al-Basri [11016] , 'Abdullah bin Muh. B. 'Ali B. Abi Talib [11435] , Husayn bin Muhammad al-Ansari [11502] , Hrmlh Mwla Usamah bin Zayd [11683] , Salim bin 'Abdullah bin 'Umar [11011] , 'Ubaidullah bin 'Abdullah bin 'Umar [11817] , Hamza bin 'Abdullah bin 'Umar [11818] , 'Abdullah bin 'Abdullah Ibn 'Umar [11814] , Kharija ibn Zayd ibn Thabit [11006] , Humaid bin 'Abdur Rahman [10561] , Abu Salama bin 'Abdur Rahman [10567] , Ibrahim bin 'Abdur Rahman [584] , Salman al-Aghar Abu 'Abdullah [11171] , Sa'id ibn al-Musayyib [11002] , Sulayman ibn Yasar [11005] , Talha bin 'Abdullah [11043] , 'Abdullah bin Abi Bakr bin Muh. b. 'Amr [11104] , 'Abdullah bin Ka'b bin Malik b. Abi Ka'b [1131] , 'Abdur Rahman bin Ka'b bin Malik [1134] , 'Abdur Rahman bin 'Abdullah bin Ka'b [11519] , 'Ubaydullah bin 'Abdullah bin 'Utba [11004] , 'Ubaidullah bin 'Abdullah bin Abi Thaur [11200] , 'Abdullah bin Mahayraz [11253] , 'Aabad bin Ziyad [10927] , 'Abdur Rahman bin Malik bin Malik [11704] , 'Ubaid bin al-Sabaq [11203] , 'Urwa ibn al-Zubayr [10511] , 'Ubaidullah bin Ayad [11572] , 'Abdur Rahman bin Harmaz al-A'araj [11197] , 'Ata' bin Abi Rabah [11029] , 'Alqama bin Waqqas [11042] , 'Ali bin al-Husain bin 'Ali [11045] , 'Ali bin 'Abdullah bin 'Abbas [10949] , 'Unbasa bin Sa'id bin al-Aas [11716] , Yahya bin Sa'id bin al-Aas [10979] , al-Qasim ibn Muhammad [10535] , Muhammad bin al-Nu'man bin Basheer [11538] , Hameed bin al-N'uman bin Bashir [12704] , Mahrar bin Abi Huraira [12496] , Muhammad bin Jubayr bin Mut'im [11058] , Nafi' bin Jubayr bin Mut'im [11059] , Abu Bakr bin 'Abdur Rahman [11003] , al-Hythm bin Abi Snan [11543] , Nafi' bin Malik bin Abi 'Amir [11445] , Yazid bin al-Asm [10842] , Abu Bakr bin Suliaman bin Abi Hathma [11547] , Sa'd bin 'Ubaid, Abu 'Ubaid [11426] , 'Umarh bint 'Abdur Rahman [11455] , Several Others","'Ata' bin Abi Rabah [11029] , Muhammad bin Muslim bin Tadras [11263] , 'Umar bin âAbdul-âAziz [11010] , 'Amr bin Dinar [11081] , Salah bin Kaysan al-Madni [11176] , Aban bin Salah bin 'Umayr [19897] , Yahya bin Sa'id al-Ansari [11062] , Ibrahim bin Abi Ablh [11667] , Yazid bin Abi Habib [11411] , Ja'far bin Rabi'ya bin Shrhbyl [11407] , Ayoub al-Sakhtiyani [11015] , 'Abdullah bin Muslim bin 'Ubaidullah [11872] , 'Abdur Rahman bin 'Amr al-Awza'i [20024] , Ibn Jurayj [11070] , 'Amr bin Shu'aib bin Muhammad [19934] , Muhammad bin 'Ali b. al-Hussain al-Baqir [11442] , Yazid bin 'Abdullah bin Usama B. al-Haad [11234] , Muhammad bin al-Munkdar bin 'Abdullah [11048] , Mansur bin al-Ma'tamar al-Salmi [11067] , Musa bin 'Uqba [11106] , Hisham bin 'Urwa [11065] , Imam Maalik [20001] , Ma'mar bin Rashid [20115] , Muhammad bin al-Walid al-Zubaidi [20459] , 'Aqil bin Khalid bin 'Aqil [11207] , Shu'aib bin Abi Hamza [20428] , Muhammad bin 'Abdur Rahman b. Abi Dh'ab [20177] , Yonus bin Yazid bin Abi al-Nijad [20475] , Abu Uvais al-Madni [20506] , Ishaq bin Rashid al-Juzri [20409] , al-Laith bin Sa'd [20023] , Ishaq bin Yahya bin 'Alqama [28038] , Bakr bin Wa'il bin Da'ud [20579] , Ziyad bin Sa'd bin 'Abdur Rahman [11245] , ربيعة بن صالح, Sufyan bin Hussain bin al-Hasan [20655] , Sulaiman bin Khatir al-'Abdi [20235] , Salah bin Abi al-Akhdr [20714] , 'Abdur Rahman bin Khalid [20376] , 'Abdul 'Aziz bin 'Abdullah al-Majashun [20026] , 'Amr bin al-Harith bin Ya'qub [20377] , Ma'ql bin 'Ubaidullah [20677] , 'Uthman bin Abi Rawud al-Azdi [20261] , Muhammad bin 'Abdullah bin Abi 'Atiq [20175] , Muhammad bin 'Abdullah bin Muslim [20176] , Ibrahim bin Sa'd bin Ibrahim [20150] , Ja'far bin Brqan [20646] , Hashaym bin Bashayr bin al-Qasim [20468] , Sufyan bin 'Uyaynah [20005]","Tafsir/Quran, Hadith, Fiqh, Narrator[Grade:Thiqah Thiqah] [ ع  -  الحافظ ], Hadith","Quraish [Quraish] , B.Zuhrah [B.Zuhrah] , Madni [Madni] , Imam [Imam] , Hafiz [Hafiz]",NA,"11029, 11263, 11010, 11081, 11176, 19897, 11062, 11667, 11411, 11407, 11015, 11872, 20024, 11070, 19934, 11442, 11234, 11048, 11067, 11106, 11065, 20001, 20115, 20459, 11207, 20428, 20177, 20475, 20506, 20409, 20023, 28038, 20579, 11245, 20655, 20235, 20714, 20376, 20026, 20377, 20677, 20261, 20175, 20176, 20150, 20646, 20468, 20005","18, 108, 6156, 2201, 2216, 709, 399, 19, 34, 3660, 3048, 5278, 1830, 5004, 5079, 405, 5232, 5030, 11027, 912, 11150, 10554, 11500, 11501, 11016, 11435, 11502, 11683, 11011, 11817, 11818, 11814, 11006, 10561, 10567, 584, 11171, 11002, 11005, 11043, 11104, 1131, 1134, 11519, 11004, 11200, 11253, 10927, 11704, 11203, 10511, 11572, 11197, 11029, 11042, 11045, 10949, 11716, 10979, 10535, 11538, 12704, 12496, 11058, 11059, 11003, 11543, 11445, 10842, 11547, 11426, 11455",Medinah,"['51 AH', '671 CE']",51,671,124,741,Medinah,Natural,male,Ibn Shihab az-Zuhri,Muhammad ibn Muslim ibn Ubaydullah ibn Abdullah ibn Shihab al-Zuhri,student's student,10511,,,,Follower,"(aka muhammad ibn muslim) via Urwah ibn az-zubayr, https://isnad.io/hadith/35"
11065,Hisham bin 'Urwa هشام بن عروة,Follower(Tabi') [5th generation],'Urwa ibn al-Zubayr [10511] / Umm Walad,Fatima bint al-Mundhir bin al-Zubayr [10526],"'Abdullah bin 'Urwa [11699] , 'Uthman bin 'Urwa bin al-Zubair [11526] , Muhammad bin 'Urwa bin al-Zubair [18935] , Yahya bin 'Urwa bin al-Zubair [11545]","al-Zubair bin Hisham bin 'Urwa [21739] , Muhammad bin Hisham bin 'Urwa [21995]",~61 AH (Medina),Medina,146 AH (Medina)[ Natural ],"'Urwa ibn al-Zubayr [10511] , 'Abdullah ibn al-Zubayr [106] , 'Abdullah bin 'Urwa [11699] , 'Uthman bin 'Urwa bin al-Zubair [11526] , Yahya bin 'Aabad bin 'Abdullah b. Zubair [19826] , 'Aabad bin 'Abdullah bin al-Zubair [11250]","Ayoub al-Sakhtiyani [11015] , 'Ubaidullah bin 'Umar bin Hafs [11201] , Ma'mar bin Rashid [20115] , Ibn Jurayj [11070] , Ibn Ishaq [11107] , Muhammad bin Ajlan al-Madni [10616] , Hisham bin Hassan al-Azdi [11311] , Yonus bin Yazid bin Abi al-Nijad [20475] , Shu'bah bin al-Hajjaj [20020] , 'Amr bin al-Harith bin Ya'qub [20377] , al-Laith bin Sa'd [20023] , Falayh bin Suliaman [20169] , Muhammad bin Ja'far bin Abi Kathir [20173] , يحيى بن عبد الله بن سلام, Yahya bin Abi Zakaria [20397] , Imam Maalik [20001] , Za'ida bin Qadama al-Thaqifi [20320] , Sufyan bin Saâid Ath-Thawri [20012] , Sufyan bin 'Uyaynah [20005] , Hammad bin Salama [20021] , Hammad bin Zayd [20022] , Mahdi bin Maymun al-Azdi [11307] , Isra'il bin Yonus bin Abi Ishaq [20311] , Hafs bin Mysrh al-Qyly [20421] , Usamah bin Hafs al-Madni [20153] , Habib al-Ma'lm Abu Muhammad [11276] , Jarir bin 'Abdul Hameed al-Razi [20028] , Humaid bin 'Abdur Rahman [10561] , Zuhayr bin Mua'wiya bin Hudayj [20321] , Zuhayr bin Muhammad al-Tamimi [20394] , Sa'id bin Salmah bin Aby [20502] , Rwh bin al-Qasim al-Tmymy [11586] , Sa'id bin 'Abdur Rahman bin 'Abdullah [20503] , Sulaiman bin Bilal al-Taymi [20160] , Salam bin Abi Mut'ia [20550] , Shu'aib bin Ishaq bin 'Abdur Rahman [20239] , Sharayk bin 'Abdullah [20587] , 'Abdur Rahman bin Abi al-Zanad [20509] , 'Abdullah bin Idris bin Yazid al-Audi [20102] , 'Aabad bin 'Aabad bin Habib [20243] , 'Abdul 'Aziz bin Abi Hazim [20165] , 'Abdul 'Aziz bin Muhammad al-Daruradi [20167] , al-Dahhak bin 'Uthman bin 'Abdullah [20504] , 'Abdullah bin Mubarak [20025] , 'Abdul Rahim bin Sulaiman [20334] , 'Abdul 'Aziz bin al-Mukhtar [20252] , 'Uqba bin Khalid bin 'Uqba - al-Majdar [20344] , 'Uthman bin Frqd al-Tar [20263] , Atham bin 'Ali bin Hjyr [20343] , 'Ali bin Hashim bin al-Burayd [20594] , 'Ali bin Ms'hr [20345] , 'Umar bin 'Ali bin Ata'a bin Maqaddam [20265] , 'Isa bin Yonus bin Abi Ishaq [20347] , Malik bin Sa'eer bin al-Khamus [20460] , Waki' bin al-Jarrah [20032] , Muhammad bin Khazim al-Darir [20354] , Muhammad bin 'Abdur Rahman al-Tafawi [20281] , Muhammad bin Muslim bin Abi al-Wadah [20635] , Muhammad bin Fadayl bin Ghazwan [20356] , al-Nadr bin Shumayl al-Maazni [20291] , Yahya bin Sa'id bin Farroukh al-Qatan [20031] , Yahya bin Muhammad bin Qays [20521] , Yahya bin Yaman al-Jly [20617] , Yunus bin Bukayr al-Shaybani [20118] , Muhammad bin 'Abdullah bin Numayr [30212] , Sulaiman bin Hayan al-Azdi [20326] , Hammad bin Usamah [20318] , Abu Damra, Anas bin 'Ayyad [20157] , Ja'far bin Awn bin Ja'far [20416] , 'Abdullah bin Da'ud al-Kharaybi [20330] , 'Ubaidullah bin Musa bin Abi al-Mukhtar [20340]","Narrator[Grade:Thiqah Thiqah] [ ع  -  ثقة ], Fiqh, Hadith","Quraish [Quraish] , B.Asad [B.Asad] , Madni [Madni]",NA,"11015, 11201, 20115, 11070, 11107, 10616, 11311, 20475, 20020, 20377, 20023, 20169, 20173, 20397, 20001, 20320, 20012, 20005, 20021, 20022, 11307, 20311, 20421, 20153, 11276, 20028, 10561, 20321, 20394, 20502, 11586, 20503, 20160, 20550, 20239, 20587, 20509, 20102, 20243, 20165, 20167, 20504, 20025, 20334, 20252, 20344, 20263, 20343, 20594, 20345, 20265, 20347, 20460, 20032, 20354, 20281, 20635, 20356, 20291, 20031, 20521, 20617, 20118, 30212, 20326, 20318, 20157, 20416, 20330, 20340","10511, 106, 11699, 11526, 19826, 11250",Medina,['61 AH'],61,NA,146,NA,Medina,Natural,male,Hisham ibn `Urwah,Hisham ibn `Urwah ibn az-Zubayr ibn al-`Awwam,student's student,10511,,Son of `Urwah ibn al-Zubayr and great-nephew of `Aishah bint Abi Bakr,,Follower,"via his father, https://isnad.io/hadith/12197"
10737,Khayra Umm al-Hasan al-Basri خيرة أم الحسن البصري,Follower(Tabi') [2nd Generation],NA,NA,NA,NA,(Medina),"Medina, al-Basra",()[ Natural ],"Umm Salamah [56] , 'Aisha bint Abi Bakr [53]","al-Hasan al-Basri [11016] , Sa'id bin Abi al-Hasan [11287] , Hafsa bint Sirin [11039]",Narrator[Grade:Maqbool] [ م  4  -  مقبول ],"Female [Female] , al-Basri [al-Basri]",NA,"11016, 11287, 11039","56, 53",Medina,[],NA,NA,NA,NA,,Natural,female,Khayrah Um al-Hasan al-Basri ,Khayrah Um al-Hasan al-Basri ,,53,11016,"The servant of Um Salamah and the mother of the famous scholar, Al-Hasan Al-Basri",,Follower,https://isnad.io/rawi/10737
11016,al-Hasan al-Basri الحسن البصري,Follower(Tabi') [3rd Generation],Abu al-Hasan [4140] / Khayra Umm al-Hasan al-Basri [10737],NA,Sa'id bin Abi al-Hasan [11287],'Abdullah,21 AH (Medina),"Medina, al-Basra",110 AH ()[ Natural ],"Ubayy ibn Ka'b [39] , Sa'd ibn 'Ubadah [35] , 'Umar ibn al-Khattab [3] , Thawban bin Bujdud [130] , 'Ammar ibn Yasir [25] , Abu Hurairah [13] , 'Uthman bin Abi al-'Aas al-Thaqafi [3210] , Ma'qil bin Sinan al-Ashja'i [3050] , 'Uthman ibn 'Affaan [4] , Ali ibn Abi Talib [5] , Abu Musa al-Asha'ari [41] , Abu Bakra al-Thaqafi [3229] , 'Imran bin Husain [123] , Jundab bin 'Abdullah al-Bajli [4053] , ibn Umar [18] , ibn Abbas [17] , 'Abdullah bin 'Amr bin al-'Aas [29] , Mu'awiya ibn Abu Sufyan [27] , Ma'qil bin Yasar al-Mazni [3120] , Anas bin Malik [19] , Jabir ibn 'Abdullah [34] , Several Others","Hameed bin Abi Hameed [11279] , Yazid bin Abi Maryam [11674] , Ayoub al-Sakhtiyani [11015] , Qatada [11019] , 'Awf bin Abi Jamila al-A'rabi [11298] , 'Abdullah bin Bakr [24229] , Jarir bin Hazim bin Zayd [11272] , Abu al-Ashhab al-Atardi [11273] , al-Rabi' bin Sbyh [24135] , Sa'id bin Iyas al-Jariri [11286] , Sa'd bin Ibrahim [11063] , Smak bin Hrb bin Aws [10770] , Shayban bin 'Abdur Rahman [20240] , 'Abdullah bin 'Awn bin Artaban [11071] , Khalid bin Mahran al-Hadha' [11282] , Ata'a bin al-Sa'ib al-Thaqifi [11068] , 'Uthman bin Muslim/Sulaiman [19854] , Qurrah bin Khalid al-Sadusi [11301] , Mubarak bin Fadala [14352] , Ma'la bin Ziyad al-Qrdwsy [20569] , Hisham bin Hassan al-Azdi [11311] , Yonus bin 'Ubaid bin Dinar [11075] , Mnswr bin Zadhan [11444] , Ma'bd bin Hilal al-Nzy [11612]","Narrator[Grade:Thiqah Thiqah] [ ع  -  ثقة ], Fiqh, Hadith, Tafsir/Quran","Ansar [Ansar] , Client [Client] , al-Basri [al-Basri]",NA,"11279, 11674, 11015, 11019, 11298, 24229, 11272, 11273, 24135, 11286, 11063, 10770, 20240, 11071, 11282, 11068, 19854, 11301, 14352, 20569, 11311, 11075, 11444, 11612","39, 35, 3, 130, 25, 13, 3210, 3050, 4, 5, 41, 3229, 123, 4053, 18, 17, 29, 27, 3120, 19, 34",Medina,['21 AH'],21,NA,110,NA,,Natural,male,al-Hasan al-Basri,al-Hasan al-Basri,student's student,10737,,"Son of Khayrah Um al-Hasan al-Basri, and famous scholar ",,,hadith from aishah to khayra to hasan: https://isnad.io/hadith/1429
