scholar_indx,name,grade,parents,spouse,siblings,children,birth_date_place,places_of_stay,death_date_place,teachers,students,area_of_interest,tags,books,students_inds,teachers_inds,birth_place,birth_date,birth_date_hijri,birth_date_gregorian,death_date_hijri,death_date_gregorian,death_place,death_reason,gender,simplename,fullname,info,generation
1,Prophet Muhammad(saw) ( محمّد صلّی اللہ علیہ وآلہ وسلّم ( رضي الله عنه,Rasool Allah,'Abdullah ibn 'Abd al-Muttalib [9991] / Amina bint Wahb b 'Abd Munaf bin Zuhrah,"Khadijah [51] , Sawda bint Zam'a [52] , 'Aisha bint Abi Bakr [53] , Hafsa bint Umar [54] , Zaynab bint Khazeemah [55] , Umm Salamah [56] , Zaynab bint Jahsh [57] , Juwayriya bint al-Harith [58] , Umm Habibah bint Abi Sufyan [59] , Safiyya bint Huyayy [60] , Maymuna bint al-Harith [61] , Maria al-Qibtiyya [62]",NA,"al-Qasim bin Muhammad [516] , Zaynab bint Muhammad [97] , Ruqayyah bint Muhammad [102] , Umm Kulthum bint Muhammad [94] , Fatima bint Muhammad [63] , 'Abdullah bin Muhammad [517] , Ibrahim bin Muhammad [518]",53 BH/570 CE (9th Rabi' awwal) (Makkah),"Makkah, Medina",11 AH/632 CE (12th Rabi' awwal (Medina)[ Natural ],NA,"Abu Bakr As-Siddique [2] , 'Umar ibn al-Khattab [3] , 'Uthman ibn 'Affaan [4] , Ali ibn Abi Talib [5] , Talha ibn 'Ubaidullah [6] , Zubayr ibn al-Awwam [7] , 'Abdur Rahman Ibn 'Awf [8] , Sa'd ibn Abi Waqqas [9] , Abu 'Ubaidah ibn al-Jarrah [10] , ibn Mas'ud [16] , ibn Abbas [17] , ibn Umar [18] , Anas bin Malik [19] , 'Aisha bint Abi Bakr [53] , Umm Salamah [56]","Tafsir/Quran, Recitation/Quran, Hadith, Commander, Reformer","Quraish [Quraish] , B.Hashim [B.Hashim] , Prophet [Prophet] , Rasool [Rasool] , Badr [Badr] , Uhud [Uhud] , Khandaq [Khandaq]",NA,"2, 3, 4, 5, 6, 7, 8, 9, 10, 16, 17, 18, 19, 53, 56",NA,"9th Rabi' awwal, Makkah","['53 BH', '570 CE']",53,570,11,632,12th Rabi' awwal (Medina,Natural,male,Prophet Muhammad,"Prophet Muhammad, peace and blessings be upon him",,
2,Abu Bakr As-Siddique ( أبو بكر الصديق ( رضي الله عنه,Comp.(RA) [1st Generation],Abu Quhafa Uthman bin 'Amir [500] / Salma Umm-ul-Khair [501],"Qutaylah bint Abdul-'Uzza, Umm Ruman [91] , Asma bint 'Umays [69] , Habiba bint Kharijah ibn Zayd [203]","Quafah ibn Uthman, Mu'taq, Utaiq","Asma' bint Abi Bakr [70] , 'Abdullah bin Abi Bakr [110] , 'Aisha bint Abi Bakr [53] , 'Abdur Rahman bin Abi Bakr [107] , Muhammad ibn Abi Bakr [168] , Umm Khultum bint Abi Bakr [10500]",51 BH/573 CE (Makkah),"Makkah, Medina",13 AH/634 CE (Medina)[ Natural ],"Muhammad (saw) [1] ,","'Umar ibn al-Khattab [3] , 'Uthman ibn 'Affaan [4] , Ali ibn Abi Talib [5] , 'Abdur Rahman Ibn 'Awf [8] , Zayd ibn Thabit [49] , 'Aisha bint Abi Bakr [53] , 'Abdur Rahman bin Abi Bakr [107] , Muhammad ibn Abi Bakr [168] , ibn Abbas [17] , 'Abdullah ibn al-Zubayr [106] , ibn Umar [18] , 'Abdullah bin 'Amr bin al-'Aas [29] , Anas bin Malik [19] , Jabir ibn 'Abdullah [34] , al-Bara' bin Azib bin al-Harith [400] , Abu Sa'id al-Khudri [38] , Abu Hurairah [13] , Tariq bin Shahab [3680] , 'Uqba binal-Harith bin 'Amir [872] , Abu al-Tufayl, 'Amir bin Wathla [3660] , 'Abdur Rahman bin 'Asayla al-Sanabahi [11194] , Aslam Client Of 'Umar [11416] , Qays bin Abi Hazim [11046] , Awsat al-Bajli [17003] , others","Tafsir/Quran, Recitation/Quran, Narrator [ ع  -  صحابة ], Commander, Khalifah","Quraish [Quraish] , B.Taym [B.Taym] , Early Muslim [Early%20Muslim] , Emigrant [Emigrant] , Badr [Badr] , Uhud [Uhud] , Khandaq [Khandaq] , Scribe [Scribe] , Promised Paradise [Promised%20Paradise]",NA,"3, 4, 5, 8, 49, 53, 107, 168, 17, 106, 18, 29, 19, 34, 400, 38, 13, 3680, 872, 3660, 11194, 11416, 11046, 17003",1,Makkah,"['51 BH', '573 CE']",51,573,13,634,Medina,Natural,male,Abu Bakr as-Siddiq,Abu Bakr as-Siddiq,First caliph and father-in-law of the Prophet,
3,'Umar ibn al-Khattab ( عمر بن الخطاب بن نفيل ( رضي الله عنه,Comp.(RA) [1st Generation],Khattab ibn Nufayl / Hantamah bint Hisham Makhzumi,"Zaynab bint Maz'un [124] , Umm Kulthum bint 'Amr (Jarwal) [186] , Qaraybah bint Abi Umayyah al-Sugra [81] , Jamila bint Thabit ibn Abi al-Aflah [564] , 'Atikah bint Zayd [196] , Umm Kulthum bint 'Ali bin Abi Talib [99] , Umm Hakim [93] , Umm Walad(Lihayyah), Umm Walad(Fakhihah)","Zayd ibn al-Khattab [114] , Fatima bint al-Khattab [78] , Safiyah bint al-Khattab [445]","ibn Umar [18] , Hafsa bint Umar [54] , 'Abdur Rahman bin 'Umar (Akbar) [560] , 'Ubaidallah bin 'Umar [561] , Zayd bin 'Umar [562] , 'Asim bin 'Umar [563] , 'Iyad bin 'Umar [10577] , Zaid (older) bin 'Umar [10575] , Ruqayyah bint 'Umar [10576] , Fatima bint 'Umar [10578] , 'Abdur Rahman(middle), 'Abdur Rahman(younger), Zainab bint 'Umar [10579]",41 BH/582 CE (Makkah),"Makkah, Medina",23 AH/645 CE (Medinah)[ Martyred  ],"Muhammad (saw) [1] , Abu Bakr As-Siddique [2]","Hafsa bint Umar [54] , ibn Umar [18] , 'Asim bin 'Umar [563] , 'Uthman ibn 'Affaan [4] , Ali ibn Abi Talib [5] , Talha ibn 'Ubaidullah [6] , Sa'd ibn Abi Waqqas [9] , 'Abdur Rahman Ibn 'Awf [8] , Ubayy ibn Ka'b [39] , ibn Mas'ud [16] , Mu'awiya ibn Abu Sufyan [27] , 'Amr bin al-'Aas [28] , Zayd ibn Thabit [49] , 'Abdullah bin 'Amr bin al-'Aas [29] , 'Abdullah ibn al-Zubayr [106] , ibn Abbas [17] , 'Aisha bint Abi Bakr [53] , Anas bin Malik [19] , al-Bara' bin Azib bin al-Harith [400] , Abu Hurairah [13] , Abu Musa al-Asha'ari [41] , 'Uqba bin 'Amir al-Juhayni [189] , Abu Qatada ibn Rab'i [391] , 'Adi ibn Hatim al-Tayyi' [212] , Hudhayfah ibn al-Yaman [145] , Ash'uth bin Qays [485] , al-Nu'man bin Bashir ibn Sa'd [274] , Jarir bin 'Abdullah al-Bajli [4057] , Ka'b bin 'Ajra al-Salmi, al-Ansari [4052] , al-Miswar bin Makhrama bin Nawfal [2201] , Sufyan bin 'Abdullah bin Rabi'a [5066] , Shayba bin 'Uthman [2801] , 'Abdullah bin 'Unays al-Juhani [1048] , Hamza bin 'Amr al-Aslami [4123] , Naf' bin Abd al-Harith [5309] , Fadala bin 'Ubaid bin Naqid [1935] , Abu Umamah Or Abu Umayya [15659] , others","Tafsir/Quran, Recitation/Quran, Narrator [ ع  -  صحابة ], Commander, Khalifah","Quraish [Quraish] , B.'Adi [B.'Adi] , Emigrant [Emigrant] , Badr [Badr] , Uhud [Uhud] , Khandaq [Khandaq] , Scribe [Scribe] , Promised Paradise [Promised%20Paradise]",NA,"54, 18, 563, 4, 5, 6, 9, 8, 39, 16, 27, 28, 49, 29, 106, 17, 53, 19, 400, 13, 41, 189, 391, 212, 145, 485, 274, 4057, 4052, 2201, 5066, 2801, 1048, 4123, 5309, 1935, 15659","1, 2",Makkah,"['41 BH', '582 CE']",41,582,23,645,Medinah,Martyred,male,`Umar ibn al-Khattab,`Umar ibn al-Khattab,Second caliph,
4,'Uthman ibn 'Affaan ( عثمان بن عفان ( رضي الله عنه,Comp.(RA) [1st Generation],'Affan ibn Abi al-'As / Arwa bint Kuraiz bin Rabi'a [426],"Ruqayyah bint Muhammad [102] , Umm Kulthum bint Muhammad [94] , Fakhitah bint Ghazwan [576] , Ramlah bint Shayba bin Rabi'a [572] , Umm 'Amr bint Jundub al-Dausi [573] , Fatima bint al-Walid b. 'Abd Shams [574] , Na'ilah bint al-Furafisah [575]",Amnah bint Affaan [570],"'Abdullah bin 'Uthman [571] , 'Abdullah bin 'Uthman(younger) [10580] , 'Aishah bint 'Uthman [10590] , Umm Aban bint 'Uthman [10591] , Umm 'Amr bint 'Uthman [10592] , 'Amr bin 'Uthman [10581] , Aban bin 'Uthman [10582] , 'Umar bin 'Uthman [10583] , Khalid bin 'Uthman [10584] , Maryam bint 'Uthman [10585] , al-Walid bin 'Uthman [10586] , Sa'id bin 'Uthman [10587] , Umm 'Uthman bint 'Uthman [10588] , Umm Khalid bint 'Uthman [10593] , Arwa bint 'Uthman [10594] , Umm Aban bint 'Uthman(younger) [10595] , Maryam bint 'Uthman (younger) [10596]",47 BH/579 CE (Ta'if),"Makkah, Abyssinia, Medinah",35 AH/655 CE (Medinah)[ Martyred  ],"Muhammad (saw) [1] , Abu Bakr As-Siddique [2] , 'Umar ibn al-Khattab [3]","Aban bin 'Uthman [10582] , Sa'id bin 'Uthman [10587] , ibn Mas'ud [16] , Zayd ibn Thabit [49] , 'Imran bin Husain [123] , Abu Qatada ibn Rab'i [391] , Abu Hurairah [13] , Anas bin Malik [19] , ibn Mas'ud [16] , ibn Abbas [17] , 'Abdullah ibn al-Zubayr [106] , Marwan bin al-Hakam bin Abi al-'As [858] , Salma ibn al-Akwa [237] , Abu Umama al-Bahili [4048] , Abu Umama bin Sahl [405] , 'Abdur Rahman ibn al-Harith [448] , al-Sa'ib bin Yazid bin Akht Namr [3048] , Tariq bin Shahab [3680] , Malik bin Aws bin al-Hadathan [5030] , 'Abdur Rahman bin Abi 'Amra [1238] , 'Ubaidullah bin 'Ady bin al-Khayyar [880] , Sa'id bin al-'As bin Sa'id bin al-'As [989] , Mahmud bin Labid bin 'Uqba [1830] , Sa'id ibn al-Musayyib [11002] , al-Ahnaf bin Qays [11112] , Abu Salama bin 'Abdur Rahman [10567] , Shaqayq bin Salmah al-Asadi [11353] , Abu 'Abdur Rahman al-Salmi [11359] , 'Alqama bin Qays [11017] , 'Abdullah bin Shaqayq al-Aqayli [10694] , Muhammad bin 'Ali bin al-Hanfiyyah [10600] , 'Amr bin Sa'id bin al-As [10602] , Hamran bin Aban [11421] , Hani al-Bariri [19103] , Abu Salah Maula 'Uthman [19291] , Abu Sahlah Maula 'Uthman [19282] , others","Tafsir/Quran, Narrator [ ع  -  صحابة ], Fiqh, Commander, Khalifah","Quraish [Quraish] , B.'Abd Shams [B.'Abd%20Shams] , B.Umayya [B.Umayya] , Early Muslim [Early%20Muslim] , Abyssinia 1 [Abyssinia%201] , Abyssinia 2 [Abyssinia%202] , Promised Paradise [Promised%20Paradise] , Emigrant [Emigrant] , Scribe [Scribe]",NA,"10582, 10587, 16, 49, 123, 391, 13, 19, 16, 17, 106, 858, 237, 4048, 405, 448, 3048, 3680, 5030, 1238, 880, 989, 1830, 11002, 11112, 10567, 11353, 11359, 11017, 10694, 10600, 10602, 11421, 19103, 19291, 19282","1, 2, 3",Ta'if,"['47 BH', '579 CE']",47,579,35,655,Medinah,Martyred,male,`Uthman ibn `Affan,`Uthman ibn `Affan,Third caliph and son-in-law of the Prophet,
5,Ali ibn Abi Talib ( علي بن أبي طالب بن عبد المطلب ( رضي الله عنه,Comp.(RA) [1st Generation],Abu Talib ibn 'Abd al-Muttalib [9992] / Fatima bint Asad [77],"Fatima bint Muhammad [63] , Khawlah bint Ja'far [565] ,  [566] , Asma bint 'Umays [69] , Umm Walad(s)","Talib ibn Abi Talib [164] , 'Aqeel ibn Abi Talib [165] , Ja'far ibn Abi Talib [21] , Umm Hani bint Abi Talib [198] , Jumanah bint Abi Talib [199]","Hassan ibn Ali bin Abi Talib [30] , Hussain ibn 'Ali ibn Abi Talib [31] , Zaynab bint 'Ali bin Abi Talib [98] , Umm Kulthum bint 'Ali bin Abi Talib [99] , Muhammad bin 'Ali bin al-Hanfiyyah [10600] , al-Abbas, 'Umar bin 'Ali bin Abi Talib [19933] , Ja'far, 'Uthman, Yahya (died young), Fatima bint 'Ali bin Abi Talib [19508] , others",23 BH/600 CE (13 Rajab) (Makkah),"Makkah, Medina, kufa",40 AH/661 CE (21 Ramadhan) (Kufa)[ Martyred  ],"Muhammad (saw) [1] , Abu Bakr As-Siddique [2] , 'Umar ibn al-Khattab [3] , Fatima bint Muhammad [63] , al-Miqdad ibn al-Aswad [163]","Hassan ibn Ali bin Abi Talib [30] , Hussain ibn 'Ali ibn Abi Talib [31] , ibn Mas'ud [16] , al-Bara' bin Azib bin al-Harith [400] , Abu Hurairah [13] , Abu Sa'id al-Khudri [38] , Suhayb bin Sinan ar-Rumi [182] , Safinah [438] , ibn Abbas [17] , ibn Umar [18] , 'Abdullah ibn al-Zubayr [106] , 'Abdullah ibn Ja'far [108] , Jabir ibn 'Abdullah [34] , Jabir bin Samra [393] , Zayd bin Arqam [384] , Abu Musa al-Asha'ari [41] , Abu Umama bin Sahl [405] , Abu Layla [1937] , Ja'dah bin Hubayra bin Abi Wahb [2080] , Bashr bin Sahaym [4081] , 'Amr bin Hurayth bin 'Amr bin 'Uthman [5202] , Abu Juhayfa al-Sawai' [4047] , Mas'ud bin al-Hakam bin al-Rabi' [1546] , Abu al-Tufayl, 'Amir bin Wathla [3660] , Muhammad bin 'Ali bin al-Hanfiyyah [10600] , 'Umar bin 'Ali bin Abi Talib [19933] , Fatima bint 'Ali bin Abi Talib [19508] , 'Ali bin al-Husain bin 'Ali [11045] , Umm Musa [19566] , al-Nazal bin Sabra [11659] , People of Kufa, Others","Tafsir/Quran, Recitation/Quran, Narrator [ ع  -  صحابة ], Commander, Khalifah","Quraish [Quraish] , B.Hashim [B.Hashim] , Cousin [Cousin] , Early Muslim [Early%20Muslim] , Emigrant [Emigrant] , Badr [Badr] , Uhud [Uhud] , Khaybar [Khaybar] , Scribe [Scribe] , Promised Paradise [Promised%20Paradise]",NA,"30, 31, 16, 400, 13, 38, 182, 438, 17, 18, 106, 108, 34, 393, 384, 41, 405, 1937, 2080, 4081, 5202, 4047, 1546, 3660, 10600, 19933, 19508, 11045, 19566, 11659","1, 2, 3, 63, 163","13 Rajab, Makkah","['23 BH', '600 CE', '13 R']",23,600,40,661,"21 Ramadhan, Kufa",Martyred,male,`Ali ibn Abi Talib,`Ali ibn Abi Talib,Fourth caliph and cousin and son-in-law of the Prophet,
6,Talha ibn 'Ubaidullah ( طلحة بن عبيد الله ( رضي الله عنه,Comp.(RA) [1st Generation],'Ubaidullah b. 'Uthman b. 'Amr / as-Sa'bah bint al-Hadrami [585],"Hamnah bint Jahsh [72] , Khawla bint al-Qa'Qa' [580] , Umm Aban bint 'Utba b. Rabi'a [581] , Umm Khultum bint Abi Bakr [10500] , Suada bint 'Auf al-Murriya [582] , al-Jarba' bint Qasama al-Tayyi' [583]",'Uthman bin 'Ubaidullah [2704],"Muhammad As-Sajjad ibn Talha [577] , 'Imran ibn Talha [578] , Musa ibn Talha [579] , Ya'qub ibn Talha [10597] , Isma'il ibn Talha [10598] , Ishaq ibn Talha [10599] , Zakariyya bin Talha [10502] , Yusuf ibn Talha [10503] , 'Aisha bint Talha [10504] , 'Isa bin Talha bin 'Ubaidullah [10573] , Yahya ibn Talha [10574] , Umm Ishaq",28 BH/596 CE (Makkah),"Makkah, Medinah",36 AH/656 CE (Medinah)[ Martyred(Jamal) ],"Muhammad (saw) [1] , Abu Bakr As-Siddique [2] , 'Umar ibn al-Khattab [3]","Muhammad As-Sajjad ibn Talha [577] , 'Imran ibn Talha [578] , Musa ibn Talha [579] , Isma'il ibn Talha [10598] , 'Isa bin Talha bin 'Ubaidullah [10573] , Yahya ibn Talha [10574] , 'Aisha bint Talha [10504] , Jabir ibn 'Abdullah [34] , 'Abdur Rahman bin 'Uthman [2705] , al-Sa'ib bin Yazid bin Akht Namr [3048] , Rabi'a bin 'Abdullah bin al-Hudayr [2711] , 'Abdullah ibn Shaddad [169] , Abu Salama bin 'Abdur Rahman [10567] , Qays bin Abi Hazim [11046] , Malik bin Aws bin al-Hadathan [5030] , Abu 'Uthman al-Nahdi [11113] , Malik bin Abi 'Amir [11443] , Others","Recitation/Quran, Narrator [ ع  -  صحابة ], Commander","Quraish [Quraish] , B.Taym [B.Taym] , Early Muslim [Early%20Muslim] , Emigrant [Emigrant] , Uhud [Uhud] , Khandaq [Khandaq] , Promised Paradise [Promised%20Paradise]",NA,"577, 578, 579, 10598, 10573, 10574, 10504, 34, 2705, 3048, 2711, 169, 10567, 11046, 5030, 11113, 11443","1, 2, 3",Makkah,"['28 BH', '596 CE']",28,596,36,656,"Medinah, Jamal",Martyred,male,Talha ibn `Ubaydillah,Talha ibn `Ubaydillah,,
7,Zubayr ibn al-Awwam ( الزبير بن العوام بن خويلد ( رضي الله عنه,Comp.(RA) [1st Generation],Awwam ibn Khuwaylid bin Asad bin 'Abdul-'Uzza / Safiyya bint âAbd al-Muttalib [85],"Asma' bint Abi Bakr [70] , Umm Khalid bin Khalid ibn Sa'id [740] , Umm Kulthum bint 'Uqba [95] , al-Rabab bnt Unaif, Zainab bint Bishr, al-Halal bint Qays, Tumadir bint al-Asbagh Kalbia [593]","al-Saib bin al-'Awwam bin Khuwaylid [439] , Zaynab bint al-'Awwam bin Khuwaylid [431] , Umm Habib bint al-'Awwam bin Khuwaylid [436] , 'Abdur Rahman bin al-'Awwam [2310] , 'Ubaidullah bin al-'Awwam [2311] , Bujayr bin al-'Awwam bin Khuwaylid [2312]","'Abdullah ibn al-Zubayr [106] , al-Mundhir bin al-Zubayr [10510] , 'Urwa ibn al-Zubayr [10511] , ''Asim ibn al-Zubayr [10512] , al-Muhajir ibn al-Zubayr [10513] , Khadija al-Kubra bint al-Zubayr [10514] , Ummul Hasan bint al-Zubayr [10515] , 'Aisha bint al-Zubayr [10516] , Khalid bin al-Zubayr [10548] , 'Amr bin al-Zubayr [10549] , Habibah bint al-Zubayr [10550] , Sawda bint al-Zubayr [10551] , Hind bint al-Zubayr [10552] , Zainab ibn al-Zubayr [10546] , Mus'ab ibn al-Zubayr [10540] , Hamza bin al-Zubayr [10541] , Ramla bint al-Zubayr [10542] , 'Ubaida bin al-Zubayr [10543] , Ja'far bin al-Zubayr [10544] , Hafsa bint al-Zubayr [10545] , Khadija al-Sughra bint al-Zubayr [10547]",28 BH/596 CE (Makkah),"Makkah, Medinah",36 AH/656 CE (Medinah)[ Martyred[Jamal] ],"Muhammad (saw) [1] ,","'Abdullah ibn al-Zubayr [106] , 'Urwa ibn al-Zubayr [10511] , al-Ahnaf bin Qays [11112] , Qays bin Abi Hazim [11046] , Malik bin Aws bin al-Hadathan [5030] , Maymun bin Mahran [11012] , Nafi' bin Jubayr bin Mut'im [11059] , others","Recitation/Quran, Narrator [ ع  -  صحابة ], Fiqh, Commander","Quraish [Quraish] , B.Asad [B.Asad] , Early Muslim [Early%20Muslim] , Abyssinia 1 [Abyssinia%201] , Abyssinia 2 [Abyssinia%202] , Emigrant [Emigrant] , Badr [Badr] , Uhud [Uhud] , Promised Paradise [Promised%20Paradise] , Scribe [Scribe]",NA,"106, 10511, 11112, 11046, 5030, 11012, 11059",1,Makkah,"['28 BH', '596 CE']",28,596,36,656,Medinah,Martyred,male,Zubayr ibn al-`Awwam,Zubayr ibn al-`Awwam,Companion of the Prophet and husband of Asma bint Abi Bakr,
8,Abdur Rahman Ibn 'Awf ( عبد الرحمن بن عوف ( رضي الله عنه,Comp.(RA) [1st Generation],'Awf b. 'Abd 'Awf b. 'Abd b. al-Harith / al-Shifa' bint 'Awf [589],"Umm Kulthum bint 'Utba b. Rabi'a [962] , Umm Kulthum bint 'Uqba [95] , Sahla bint 'Asim bin 'Ady [595] , Bahria bint Hani, Sehlah bint Suhayl [65] , Umm Hakim bint Qariz bin Khalid [596] , bint Abi al-Husayn, Tumadir bint al-Asbagh Kalbia [593] , Asma' bint Salama/Makhrabah [777] , Umm Wald, Badiyya bint Ghilan al-Thaqafi [3258]","'Atika bint 'Awf [590] , al-Shifa' bint 'Awf [591] , 'Abdullah Ibn 'Awf [592] , Halah bint 'Awf [594]","Salim, Muhammad bin 'Abdur-Rahman [588] , Ibrahim bin 'Abdur Rahman [584] , Humaid bin 'Abdur Rahman [10561] , Isma'il, Hamida, Ammatur Rahman, Ma'n, 'Umar bin 'Abdur Rahman bin Awf [10560] , Zayd bin 'Abdur Rahman [10562] , Ammatur Rahman, 'Urwa (Akbar) bin 'Abdur Rahman [10563] , Salim(Asghar) bin 'Abdur Rahman [10564] , Abu Bakr bin 'Abdur Rahman [10566] , 'Abdullah bin 'Abdur Rahman [10565] , Abu Salama bin 'Abdur Rahman [10567] , 'Abdur Rahman bin 'Abdur Rahman [10568] , Mus'ub bin 'Abdur Rahman [10569] , Suhayl, Jawayriya",~43 BH/580 CE (est.) (Makkah),"Makkah, Abyssinia, Medinah",32 AH/654 CE (Medianh)[ Natural ],"Muhammad (saw) [1] , 'Umar ibn al-Khattab [3]","Ibrahim bin 'Abdur Rahman [584] , Humaid bin 'Abdur Rahman [10561] , 'Umar bin 'Abdur Rahman bin Awf [10560] , Mus'ub bin 'Abdur Rahman [10569] , Abu Salama bin 'Abdur Rahman [10567] , al-Maswar bin Ibrahim [18999] , al-Miswar bin Makhrama bin Nawfal [2201] , ibn Abbas [17] , ibn Umar [18] , Jabir ibn 'Abdullah [34] , Jubayr bin Mut'im [871] , Anas bin Malik [19] , Bjalh bin Abd'h al-Tmymy al-Nbry [11577] , Malik bin Aws bin al-Hadathan [5030] , Nawful bin Iyas al-Hdhly [12551] , Rdad al-Lythy Wqal B'd'hm Abu [13510] , 'Abdullah bin 'Amir bin Rabi'a [709] , Muhammad bin Jubayr bin Mut'im [11058]","Recitation/Quran, Narrator [ ع  -  صحابة ], Commander","Quraish [Quraish] , B.Zuhrah [B.Zuhrah] , Early Muslim [Early%20Muslim] , Abyssinia 1 [Abyssinia%201] , Abyssinia 2 [Abyssinia%202] , Emigrant [Emigrant] , Badr [Badr] , Promised Paradise [Promised%20Paradise] , Baqi' [Baqi']",NA,"584, 10561, 10560, 10569, 10567, 18999, 2201, 17, 18, 34, 871, 19, 11577, 5030, 12551, 13510, 709, 11058","1, 3","est., Makkah","['43 BH', '580 CE']",43,580,32,654,Medianh,Natural,male,`Abdur-Rahman Ibn `Awf,`Abdur-Rahman Ibn `Awf,,
9,Sa'd ibn Abi Waqqas ( سعد بن أبي وقاص ( رضي الله عنه,Comp.(RA) [1st Generation],Malik bin Uhaib bin 'Abd Manaf / Hamnah bint Sufyan bin Umayyah bin 'Abd Shams,"bint Shihab bin 'Abdullah, Maria bint Qays, Umm 'Amir, Umm Hakim bint Qariz bin Khalid [596] , Others","'Amir ibn Abi Waqqas [175] , 'Umayr ibn Abi Waqqas [822] , 'Utba ibn Abi Waqqas [2240]","Ishaq bin Sa'd ibn Abi Waqqas [597] , Umm Hakam, 'Umar bin Sa'd ibn Abi Waqqas [598] , Muhammad bin Sa'd ibn Abi Waqqas [10553] , Umm Qasim, Umm Khultum, 'Amir bin Sa'd ibn Abi Waqqas [10554] , Isma'il bin Sa'd ibn Abi Waqqas [10555] , Mus'ub bin Sa'd ibn Abi Waqqas [10556] , Ibrahim bin Sa'd ibn Abi Waqqas [10557] , Ya'qub bin Sa'd ibn Abi Waqqas [10558] , 'Aisha bint Sa'd ibn Abi Waqqas [10559] , Yahya bin Sa'd ibn Abi Waqqas [10537] , Salih, 'Abdullah bin Sa'd ibn Abi Waqqas [10534] , 'Abdur Rahman, 'Umayr bin Sa'd ibn Abi Waqqas [10538] , 'Amr bin Sa'd ibn Abi Waqqas [10539] , Others",39 BH/584 CE (Makkah),"Makkah, Medina, Kufa",55 AH/664 CE ((Al-'Atiq) Medina)[ Natural ],"Muhammad (saw) [1] , Khawlah bint Hakim [76]","'Umar bin Sa'd ibn Abi Waqqas [598] , Muhammad bin Sa'd ibn Abi Waqqas [10553] , 'Amir bin Sa'd ibn Abi Waqqas [10554] , Isma'il bin Sa'd ibn Abi Waqqas [10555] , Mus'ub bin Sa'd ibn Abi Waqqas [10556] , Ibrahim bin Sa'd ibn Abi Waqqas [10557] , Ya'qub bin Sa'd ibn Abi Waqqas [10558] , 'Aisha bint Sa'd ibn Abi Waqqas [10559] , 'Aisha bint Abi Bakr [53] , ibn Umar [18] , ibn Abbas [17] , Jabir bin Samra [393] , al-Sa'ib bin Yazid bin Akht Namr [3048] , Tha'laba bin Sa'ayr [5003] , Malik bin Aws bin al-Hadathan [5030] , Ibrahim bin 'Abdur Rahman [584] , Abu 'Uthman al-Nahdi [11113] , Abu 'Abdur Rahman al-Salmi [11359] , 'Alqama bin Qays [11017] , Basr bin Sa'id al-Madni [11153] , al-Ahnaf bin Qays [11112] , Sharih bin Hani' al-Harithi [10774] , 'Amr bin Maymun al-Aw'di [11382] , Mujahid bin Jabir [11028] , Dinar Abu 'Abdullah al-Qaraz [11846] , Ghnym bin Qays al-Mazny [10710] , Others","Recitation/Quran, Narrator [ ع  -  صحابة ], Fiqh, Commander","Quraish [Quraish] , B.Zuhrah [B.Zuhrah] , Early Muslim [Early%20Muslim] , Emigrant [Emigrant] , Badr [Badr] , Uhud [Uhud] , Khandaq [Khandaq] , Baqi' [Baqi'] , Promised Paradise [Promised%20Paradise]",NA,"598, 10553, 10554, 10555, 10556, 10557, 10558, 10559, 53, 18, 17, 393, 3048, 5003, 5030, 584, 11113, 11359, 11017, 11153, 11112, 10774, 11382, 11028, 11846, 10710","1, 76",Makkah,"['39 BH', '584 CE']",39,584,55,664,(Al-'Atiq,Natural,male,Sa`d ibn Abi Waqqas,Sa`d ibn Abi Waqqas,,
10,Abu 'Ubaidah ibn al-Jarrah ( أبو عبيدة بن الجراح ( رضي الله عنه,Comp.(RA) [1st Generation],'Abdullah ibn al-Jarrah / Umm Ghanm bint Jabir bin 'Abdul-'Uzza,"Hind bint Jabar, Warja",Yazid ibn 'Abdullah ibn al-Jarrah [599],"Yazid and 'Ubaidah, 'Umair",40 BH/584 CE (Makkah),"Makkah, Medina, Syria","18 AH/640 CE ('Amawas, Palestine)[ Natural/Plague ]","Muhammad (saw) [1] ,","Jabir ibn 'Abdullah [34] , Samra bin Jundub [394] , 'Abdur Rahman bin Ghnm [5152] , Abu Umama al-Bahili [4048] , 'Arbad bin Sariyya al-Salmi [5172] , Abu Tha'laba al-Khushni [4056] , Abu Muslim al-Khulani [11026] , Aslam Client Of 'Umar [11416] , Qays bin Abi Hazim [11046] , 'Abdullah bin Saraqa al-Azdi [14212] , Nashrah bin Sami al-Yazni [16105]","Recitation/Quran, Commander, Narrator [ ع  -  صحابة ]","Quraish [Quraish] , B.Fihr [B.Fihr] , Promised Paradise [Promised%20Paradise] , Abyssinia 2 [Abyssinia%202] , Early Muslim [Early%20Muslim] , Emigrant [Emigrant] , Badr [Badr]",NA,"34, 394, 5152, 4048, 5172, 4056, 11026, 11416, 11046, 14212, 16105",1,Makkah,"['40 BH', '584 CE']",40,584,18,640,"'Amawas, Palestine",Natural,male,Abu `Ubaydah ibn al-Jarrah,Abu `Ubaydah ibn al-Jarrah,,
11,Sa'id bin Zayd ( سعيد بن زيد ( رضي الله عنه,Comp.(RA) [1st Generation],Zayd bin 'Amr bin Nufayl [567] / Fatima bint Ba'aja [568],"Fatima bint al-Khattab [78] , Khayra bint Qays [587]",'Atikah bint Zayd [196],"Asma bint Sa'id bin Zayd [96] , Zayd, Hisham bin S'aid bin Zayd [13269] , 'Abdur Rahman",~23 BH/594 CE (Makkah),"Makkah, Medina, Kufa",50 AH/671 CE (Medinah)[ Natural ],"Muhammad (saw) [1] ,","Hisham bin S'aid bin Zayd [13269] , 'Abdullah bin 'Amr bin al-'Aas [29] , 'Amr bin Hurayth bin 'Amr bin 'Uthman [5202] , Abu al-Tufayl, 'Amir bin Wathla [3660] , Qays bin Abi Hazim [11046] , Abu 'Uthman al-Nahdi [11113] , Humaid bin 'Abdur Rahman [10561] , 'Abdur Rahman bin 'Amr [11520] , 'Urwa ibn al-Zubayr [10511] , 'Abdur Rahman bin al-Akhns [15317] , 'Abbas bin Sahl bin Sa'd [11697] , 'Abdullah bin Zalm [19920] , Talha bin 'Abdullah [11043] , Muhammad bin Zayd bin 'Abdullah [11217] , Ibn Sirin [11035]","Recitation/Quran, Narrator [ ع  -  صحابة ], Commander","Quraish [Quraish] , B.'Adi [B.'Adi] , Early Muslim [Early%20Muslim] , Emigrant [Emigrant] , Promised Paradise [Promised%20Paradise] , Uhud [Uhud]",NA,"13269, 29, 5202, 3660, 11046, 11113, 10561, 11520, 10511, 15317, 11697, 19920, 11043, 11217, 11035",1,Makkah,"['23 BH', '594 CE']",23,594,50,671,Medinah,Natural,male,Sa`id ibn Zayd,Sa`id ibn Zayd,,
13,Abu Hurairah ( أبو هريرة - عبد الرحمن بن صخر الدوسي  ( رضي الله عنه,Comp.(RA) [1st Generation],/ Umaima/Maymuna,Basra bint Ghazwan [3656],NA,Daughter,"12 BH/603 CE (Baha, Yemen)","Makkah, Medina, Yemen, Bahrain",59 AH/681 CE (Medinah)[ Natural ],"Muhammad (saw) [1] , Abu Bakr As-Siddique [2] , 'Umar ibn al-Khattab [3] , Fadl ibn al-'Abbas [135] , Ubayy ibn Ka'b [39] , Usamah ibn Zayd [50] , 'Aisha bint Abi Bakr [53] , نضرة بن أبي نضرة الغفاري, Ka'b al-Ahbar [4058]","Mahrar bin Abi Huraira [12496] , ibn Abbas [17] , ibn Umar [18] , Anas bin Malik [19] , Wathla bin al-'Asqa' [4049] , Jabir ibn 'Abdullah [34] , Marwan bin al-Hakam bin Abi al-'As [858] , Qubaysa bin Zuwayb [5232] , Sa'id ibn al-Musayyib [11002] , Salman al-Aghar Abu 'Abdullah [11171] , Qays bin Abi Hazim [11046] , Malik bin Abi 'Amir [11443] , Abu Umama bin Sahl [405] , Abu Idrees al-Khulani [11027] , Abu 'Uthman al-Nahdi [11113] , Abu Sufyan [11451] , Abu Rafi' al-Sa'agh [11226] , Abu Zara' bin 'Amr /Harm [11406] , al-Aghr Abu Muslim [11829] , ابن فارض, Basr bin Sa'id al-Madni [11153] , Bashayr bin Nahayk [11266] , بعجة الجهني, Thabit bin Ayad al-Ahnf [11677] , Hafs bin 'Asim bin 'Umar [11420] , حميد, Abu Salama bin 'Abdur Rahman [10567] , Hameed bin 'Abdur Rahman [11280] , Hanzalah bin 'Ali bin al-Aslami [11842] , Khbab al-Madni Sahb al-Mqswrh [11843] , Khalas bin 'Amr al-Hajri [11283] , al-Hakam bin Myna'a al-Ansari Mwlahm [11840] , Khalid bin Ghlaq [10907] , Ziyad bin Ryah [11850] , Salim bin 'Abdullah bin 'Umar [11011] , Zararah bin Awfa al-'Amiri al-Harshi [11284] , Salm Abu al-Ghyth al-Madni [11165] , Salm bin 'Abdullah al-Nasri [11852] , Kaysan Abu Sa'id al-Muqbari [11212] , Sa'id bin Abi Sa'id (Kaysan) [11168] , al-Hasan al-Basri [11016] , Ibn Sirin [11035] , Sa'id bin 'Amr bin Sa'id bin al-Aas [11509] , Sulayman ibn Yasar [11005] , Sa'id bin Yasar, Abu al-Hubab [11170] , Sinan bin Abi Sinan [11511] , 'Amir bin Sa'd ibn Abi Waqqas [10554] , Sharih bin Hani' al-Harithi [10774] , Shfa bin Mat' [18421] , Tawus bin Kaysan [11053] , 'Ikrama [11023] , Mujahid bin Jabir [11028] , 'Ata' bin Abi Rabah [11029] , 'Amir al-Sha'bi [11052] , 'Abdullah bin Rbah [11865] , 'Abdullah bin Shaqayq al-Aqayli [10694] , Tha'laba bin Sa'ayr [5003] , أبو الوليد عبد الله بن الحارث المصري, Sa'id bin al-Harith bin Abi Sa'id [11167] , Sa'id bin Sm'an al-Ansari [12135] , Sa'id bin Marjana [11571]","Narrator [ ع  -  صحابة ], Fiqh","Yemeni [Yemeni] , Dausi [Dausi] , Client [Client] , Late Muslim [Late%20Muslim]",NA,"12496, 17, 18, 19, 4049, 34, 858, 5232, 11002, 11171, 11046, 11443, 405, 11027, 11113, 11451, 11226, 11406, 11829, 11153, 11266, 11677, 11420, 10567, 11280, 11842, 11843, 11283, 11840, 10907, 11850, 11011, 11284, 11165, 11852, 11212, 11168, 11016, 11035, 11509, 11005, 11170, 11511, 10554, 10774, 18421, 11053, 11023, 11028, 11029, 11052, 11865, 10694, 5003, 11167, 12135, 11571","1, 2, 3, 135, 39, 50, 53, 4058","Baha, Yemen","['12 BH', '603 CE']",12,603,59,681,Medinah,Natural,male,Abu Hurayrah,Abu Hurayrah Abdur-Rahman ibn Sakhr,The most prolific narrator of hadith,
52,Sawda bint Zam'a ( سودة بنت زمعة ( رضي الله عنها,Comp.(RA) [1st Generation],Zama'h bin Qais b. 'Abd Shams / al-Shammus bint Qais b. Zaid b. 'Amr of Najjar,"al-Sakran bin 'Amr b. 'Abd Shams [450] , Prophet Muhammad(saw) [1]",Malik bin Zama'a b. Qays [787],'Abdur Rahman bin Sakran bin 'Amr [465],~25 BH (est.) (Makkah),"Makkah, Abyssinia, Medinah",55 AH or ~22 AH/648 CE (Medinah)[ Natural ],"Muhammad (saw) [1] , Prophet Muhammad(saw) [1]","ibn Abbas [17] , Yahya bin 'Abdullah bin 'Abdur Rahman [10633]","Recitation/Quran, Narrator [ خ  د  س  -  صحابة ]","Female [Female] , Quraish [Quraish] , B.'Amir [B.'Amir] , Early Muslim [Early%20Muslim] , Abyssinia 2 [Abyssinia%202] , Mother of the Believers [Mother%20of%20the%20Believers] , Emigrant [Emigrant]",NA,"17, 10633","1, 1","est., Makkah",['25 BH'],25,NA,55,648,Medinah,Natural,female,Sawdah bint Zam`ah,Sawdah bint Zam`ah,Second wife of the Prophet,
53,Aisha bint Abi Bakr ( أمّ المؤمنين عائشة بنت أبي بكر الصديق ( رضي الله عنها,Comp.(RA) [1st Generation],Abu Bakr As-Siddique [2] / Umm Ruman [91],Prophet Muhammad(saw) [1],'Abdur Rahman bin Abi Bakr [107],NA,9 BH/614 CE (Makkah),"Makkah, Medina",57 AH/678 CE (17 Ramadan) (Medina)[ Natural ],"Muhammad (saw) [1] , Abu Bakr As-Siddique [2] , 'Umar ibn al-Khattab [3] , Talha ibn 'Ubaidullah [6] , Sa'd ibn Abi Waqqas [9] , Fatima bint Muhammad [63] , Judhama bint Jandal al-Asadiyya [961]","Asma' bint Abi Bakr [70] , 'Abdullah ibn al-Zubayr [106] , Abu Hurairah [13] , ibn Abbas [17] , ibn Umar [18] , Abu Musa al-Asha'ari [41] , 'Amr bin al-'Aas [28] , al-Qasim ibn Muhammad [10535] , 'Urwa ibn al-Zubayr [10511] , 'Abdullah ibn 'Abdur-Rahman ibn Abi Bakr [10520] , Hafsa bint 'Abdur-Rahman ibn Abi Bakr [10521] , Asma bint 'Abdur-Rahman [10522] , Sa'id ibn al-Musayyib [11002] , Others","Recitation/Quran, Tafsir/Quran, Narrator [ ع  -  صحابة ], Fiqh, Seerah","Female [Female] , Quraish [Quraish] , B.Taym [B.Taym] , Mother of the Believers [Mother%20of%20the%20Believers] , Emigrant [Emigrant] , Baqi' [Baqi']",NA,"70, 106, 13, 17, 18, 41, 28, 10535, 10511, 10520, 10521, 10522, 11002","1, 2, 3, 6, 9, 63, 961",Makkah,"['9 BH', '614 CE']",9,614,57,678,"17 Ramadan, Medina",Natural,female,`Aishah bint Abi Bakr,`Aishah bint Abi Bakr,Third wife of the Prophet and the most prolific woman narrator of hadith,
54,Hafsa bint Umar ( حفصة بنت عمر بن الخطاب أم المؤمنين ( رضي الله عنها,Comp.(RA) [1st Generation],'Umar ibn al-Khattab [3] / Zaynab bint Maz'un [124],"Khunays ibn Hudhaifa [152] , Prophet Muhammad(saw) [1]","ibn Umar [18] , 'Abdur Rahman bin 'Umar (Akbar) [560]",NA,14 BH/606 CE (Makkah),"Makkah, Medina",41 AH or 45 AH/665 CE (Medinah)[ Natural ],"Muhammad (saw) [1] , 'Umar ibn al-Khattab [3]","ibn Umar [18] , Hamza bin 'Abdullah bin 'Umar [11818] , Safiyya bint Abi 'Ubaid al-Thaqafi [11811] , Umm Mubashir al-Ansariyya [1293] , al-Mtlb bin Abi Wda'h [5295] , Harithh bin Wahb al-Khza'y [4109] , Shtyr bin Shkl bin Hameed [10773] , 'Abdullah bin Safwan bin Umayyah [487] , Swa'a al-Khza'y Akhw Mghyth [18400] , 'Abdur Rahman ibn al-Harith [448] , al-Musayb bin Rafa'i al-Asadi [11394] , Lahaaq bin Hameed bin Sa'id [11313]","Recitation/Quran, Tafsir/Quran, Narrator [ ع  -  صحابة ], Fiqh","Female [Female] , Quraish [Quraish] , B.'Adi [B.'Adi] , Mother of the Believers [Mother%20of%20the%20Believers]",NA,"18, 11818, 11811, 1293, 5295, 4109, 10773, 487, 18400, 448, 11394, 11313","1, 3",Makkah,"['14 BH', '606 CE']",14,606,41,665,Medinah,Natural,female,`Hafsah bint `Umar ibn al-Khattab,`Hafsah bint `Umar,"Wife of the Prophet, daughter of the second caliph `Umar ibn al-Khattab",
56,Umm Salamah ( أم سلمة بنت أبي أمية ( رضي الله عنها,Comp.(RA) [1st Generation],Abu Umayyah b. al-Mughirah b. 'Abdullah Makhzumi / 'Atika bint 'Amir bin Rabi'a bin Malik al-Kanania,"Abu Salamah [101] , Prophet Muhammad(saw) [1]","Qaraybah bint Abi Umayyah al-Sugra [81] , al-Muhajir bin Abi Umayyah [2088] , Rayta bint Abi Umayyah [2089]","Zaynab bint Abi Salamah [244] , Salamah bin Abi Salamah [245] , 'Umar bin Abi Salamah [246] , Durrah bintt Abi Salamah [247]",~25 BH (Makkah),"Makkah, Medina",62 AH/680 CE or 59 AH (Medinah)[ Natural ],"Muhammad (saw) [1] ,","Zaynab bint Abi Salamah [244] , 'Umar bin Abi Salamah [246] , 'Amir bin Abi Umayyah [2086] , Nabhan Abu Yahya al-Makhzumi [19824] , Sulayman ibn Yasar [11005] , 'Urwa ibn al-Zubayr [10511] , Mus'ab bin 'Abdullah [19004] , 'Abdullah bin Rafa'i [11864] , Naf' Mwla Umm Salmah [19067] , Safinah [438] , Abu Kathir [19466] , Khayra Umm al-Hasan al-Basri [10737] , Usamah ibn Zayd [50] , Hind bint al-Harith al-Farasiyya [11734] , Barra bint Abi Tajra [2808] , Abu 'Uthman al-Nahdi [11113] , Humaid bin 'Abdur Rahman [10561] , Abu Salama bin 'Abdur Rahman [10567] , Sa'id ibn al-Musayyib [11002] , Shaqayq bin Salmah al-Asadi [11353] , 'Amir al-Sha'bi [11052] , 'Abdur Rahman bin Abi Bakr [107] , 'Abdur Rahman ibn al-Harith [448] , Ikramah bin 'Abdur Rahman [11030] , Abu Bakr bin 'Abdur Rahman [11003] , Karayb bin Abi Muslim [11211] , Qubaysa bin Zuwayb [5232] , Nafie' [11014] , Ya'la bin Mamulk [13144]","Recitation/Quran, Narrator [ ع  -  صحابة ], Fiqh","Female [Female] , Quraish [Quraish] , B.Makhzum [B.Makhzum] , Abyssinia 1 [Abyssinia%201] , Abyssinia 2 [Abyssinia%202] , Mother of the Believers [Mother%20of%20the%20Believers] , Emigrant [Emigrant] , Baqi' [Baqi']",NA,"244, 246, 2086, 19824, 11005, 10511, 19004, 11864, 19067, 438, 19466, 10737, 50, 11734, 2808, 11113, 10561, 10567, 11002, 11353, 11052, 107, 448, 11030, 11003, 11211, 5232, 11014, 13144",1,Makkah,['25 BH'],25,NA,62,680,Medinah,Natural,female,Um Salamah,Hind bint Abi Umayyah,Wife of the Prophet,
57,Zaynab bint Jahsh ( زينب بنت جحش الأسدية أم المؤمنين ( رضي الله عنها,Comp.(RA) [1st Generation],Jahash bin Ri'ab al-Asadi / Umayma bint 'Abd al-Muttalib [9995],"Zayd ibn Harithah [15] , Prophet Muhammad(saw) [1]","'Abdullah bin Jahsh [26] , Hamnah bint Jahsh [72] , Abd' bin Jahsh [259] , Umm Habib bint Jahsh [136] , 'Ubaidullah bin Jahsh",NA,30 BH/593 CE (Makkah),"Makkah, Medina",20 AH/646 CE (Medinah)[ Natural ],"Muhammad (saw) [1] ,","Zaynab bint Abi Salamah [244] , Umm Habibah bint Abi Sufyan [59] , Muhammad bin 'Abdullah bin Jahsh [413] , Khultum bin al-Mstlq Whw Khultum [18881]","Recitation/Quran, Narrator [ ع  -  صحابة ]","Female [Female] , Ally B.'Abd Shams [Ally%20B.'Abd%20Shams] , B.Khuzayma [B.Khuzayma] , Mother of the Believers [Mother%20of%20the%20Believers] , Early Muslim [Early%20Muslim] , Emigrant [Emigrant] , Baqi' [Baqi']",NA,"244, 59, 413, 18881",1,Makkah,"['30 BH', '593 CE']",30,593,20,646,Medinah,Natural,female,Zaynab bint Jahsh,Zaynab bint Jahsh,Wife of the Prophet,
58,Juwayriya bint al-Harith ( جويرية بنت الحارث ( رضي الله عنها,Comp.(RA) [1st Generation],Harith ibn Abi Dirar,"Musafa bin Safwan, Prophet Muhammad(saw) [1]",NA,NA,~12 BH/608 CE (Medinah),Medinah,50-56 AH (Medinah)[ Natural ],"Muhammad (saw) [1] ,","ibn Abbas [17] , 'Ubaid bin al-Sabaq [11203] , Abu Ayoub al-Maraghi al-Azdi [11730] , Mujahid bin Jabir [11028] , Karayb bin Abi Muslim [11211] , Khultum bin al-Mstlq Whw Khultum [18881] , 'Abdullah ibn Shaddad [169]",Narrator [ ع  -  صحابي ],"Female [Female] , B.al-Mustaliq [B.al-Mustaliq] , B.Khuza'a [B.Khuza'a] , Mother of the Believers [Mother%20of%20the%20Believers] , Baqi' [Baqi']",NA,"17, 11203, 11730, 11028, 11211, 18881, 169",1,Medinah,"['12 BH', '608 CE']",12,608,56,NA,Medinah,Natural,female,Juwayriyah bint al-Harith,Juwayriyah bint al-Harith,Wife of the Prophet,
59,"Umm Habibah bint Abi Sufyan ( أم حبيبة ,رملة بنت أبي سفيان ( رضي الله عنها",Comp.(RA) [1st Generation],Abu Sufyan ibn Harb [116] / Safiyyah bint Abi al-'As bin Umayya,"'Ubayd-Allah ibn Jahsh, Prophet Muhammad(saw) [1]","Umiama/Umayna bint Abi Sufyan [845] , 'Unbasa bin Abi Sufyan [846] , 'Uzza bint Abi Sufyan [847] , Durrah bint Abi Sufyan [848] , Hamnah bint Abi Sufyan [849]","Habibah bint Ubayd-Allah [139] , 'Abdullah",34 BH/ 589 CE (Makkah),"Makkah, Abyssinia, Medina",42-44 AH/666 CE (Medinah)[ Natural ],"Muhammad (saw) [1] , Zaynab bint Jahsh [57]","Mu'awiya ibn Abu Sufyan [27] , Habibah bint Ubayd-Allah [139] , Zaynab bint Abi Salamah [244] , 'Urwa ibn al-Zubayr [10511] , 'Unbasa bin Sa'id bin al-Aas [11716] , 'Abdullah bin 'Utba [12236]","Recitation/Quran, Narrator [ ع  -  صحابة ]","Female [Female] , Quraish [Quraish] , B.Umayya [B.Umayya] , B.'Abd Shams [B.'Abd%20Shams] , Abyssinia 2 [Abyssinia%202] , Mother of the Believers [Mother%20of%20the%20Believers]",NA,"27, 139, 244, 10511, 11716, 12236","1, 57",Makkah,"['34 BH', '589 CE']",34,589,44,666,Medinah,Natural,female,Um Habibah bint Abi Sufyan,Um Habibah Ramlah bint Abi Sufyan,Wife of the Prophet,
61,Maymuna bint al-Harith ( ميمونة بنت الحارث بن حزن الهلالية ( رضي الله عنها,Comp.(RA) [1st Generation],Harith bin Hazan / Hind bint Awf [73],"Masood bin Amr, Abu Rajam bin Abdul Uzzah, Prophet Muhammad(saw) [1]","Lubaba(Sughra) bint al-Harith [141] , Umm Fadl Lubaba bint al-Harith [156] , Huzayla bint al-Harith [3010] , 'Izza bint al-Harith [3011] , Umama bint al-Harith [3012] , al-Saib bin al-Harith [3013] , Qatn bin al-Harith [3014] , Asma bint 'Umays [69] , Salma bint 'Umays [86] , Salaamah bin Umays, Awn",NA,20 BH/594 CE (Makkah),"Makkah, Medina",61 AH or 38 AH (Saraf/Makkah)[ Natural ],"Muhammad (saw) [1] , Prophet Muhammad(saw) [1]",ibn Abbas [17],"Recitation/Quran, Narrator [ ع  -  صحبة ]","Female [Female] , Non-Quraish [Non-Quraish] , B.Hilal [B.Hilal] , Mother of the Believers [Mother%20of%20the%20Believers]",NA,17,"1, 1",Makkah,"['20 BH', '594 CE']",20,594,61,NA,Saraf/Makkah,Natural,female,Maymunah bint al-Harith,Maymunah bint al-Harith,Wife of the Prophet,
69,Asma bint 'Umays ( أسماء بنت عميس بن معد ( رضي الله عنها,Comp.(RA) [1st Generation],'Umays ibn Ma'ad / Hind bint Awf [73],"Ja'far ibn Abi Talib [21] , Abu Bakr As-Siddique [2] , Ali ibn Abi Talib [5]","Salma bint 'Umays [86] , Salamah bint 'Umays, 'Awn bin 'Umays [3019]","'Abdullah ibn Ja'far [108] , Muhammad ibn Ja'far [184] , Awn ibn Ja'far [185] , Muhammad ibn Abi Bakr [168] , Yahya bin Ali, Muhammad",(Makkah),"Makkah, Medina, Abyssinia","~40 AH (Damascus, Syria)[ Natural ]","Muhammad (saw) [1] , Prophet Muhammad(saw) [1]","'Abdullah ibn Ja'far [108] , al-Qasim ibn Muhammad [10535] , ibn Abbas [17]","Recitation/Quran, Fiqh, Narrator [ خ  4  -  صحابي ]","Female [Female] , Non-Quraish [Non-Quraish] , Abyssinia 2 [Abyssinia%202] , Early Muslim [Early%20Muslim]",NA,"108, 10535, 17","1, 1",Makkah,[],NA,NA,40,NA,"Damascus, Syria",Natural,female,Asma bint `Umays,Asma bint `Umays,"Companion of the Prophet, known for having married, at three different points in time, three companions of the Prophet: Ja`far ibn Abi Talib, then Abu Bakr, then `Ali ibn Abi Talib",
70,Asma' bint Abi Bakr ( أسماء بنت أبي بكر الصديق ( رضي الله عنها,Comp.(RA) [1st Generation],Abu Bakr As-Siddique [2] / Qutaylah bint 'Abdul-'Uzza,Zubayr ibn al-Awwam [7],'Abdullah bin Abi Bakr [110],"'Abdullah ibn al-Zubayr [106] , al-Mundhir bin al-Zubayr [10510] , 'Urwa ibn al-Zubayr [10511] , ''Asim ibn al-Zubayr [10512] , al-Muhajir ibn al-Zubayr [10513] , Khadija al-Kubra bint al-Zubayr [10514] , Ummul Hasan bint al-Zubayr [10515] , 'Aisha bint al-Zubayr [10516]",27 BH (Makkah),"Makkah, Medina",73 AH/692 CE (Medinah)[ Natural ],"Muhammad (saw) [1] ,","'Abdullah ibn al-Zubayr [106] , 'Urwa ibn al-Zubayr [10511] , 'Aabad bin 'Abdullah bin al-Zubair [11250] , 'Abdullah bin 'Urwa [11699] , 'Aabad bin Hamza bin 'Abdullah [10926] , Fatima bint al-Mundhir bin al-Zubayr [10526] , 'Abdullah bin Kysan al-Qurshi [11188] , Wahb bin Kysan al-Quraishi [11231] , Safiyya bint Shayba bin 'Uthman [2802] , ibn Umar [18]","Recitation/Quran, Narrator [ ع  -  صحابة ], Fiqh","Female [Female] , Quraish [Quraish] , B.Taym [B.Taym]",NA,"106, 10511, 11250, 11699, 10926, 10526, 11188, 11231, 2802, 18",1,Makkah,['27 BH'],27,NA,73,692,Medinah,Natural,female,Asma bint Abi Bakr,Asma bint Abi Bakr,"Sister of the Prophet's wife `Aishah, and daughter of the first caliph Abu Bakr",
71,Umm Atiyyah Ansariyah ( أم عطية الأنصارية ( رضي الله عنها,Comp.(RA) [1st Generation],NA,NA,NA,NA,(Medinah),"Medina,  Basra",(Madinah)[ Natural ],"Muhammad (saw) [1] , 'Umar ibn al-Khattab [3]","Anas bin Malik [19] , Ibn Sirin [11035] , Hafsa bint Sirin [11039] , 'Abdul Malik bin 'Umayr al-Qabti [11368] , Isma'il bin 'Abdur Rahman [18043] , 'Ali bin al-Aqmar bin 'Amr [11375] , Umm Shrahyl [19549]","Recitation/Quran, Narrator [ ع  -  صحابة ], Fiqh","Female [Female] , Ansar [Ansar] , Khazra [Khazra] , War Nurse [War%20Nurse] , B.Mazin B.al-Najjar [B.Mazin%20B.al-Najjar]",NA,"19, 11035, 11039, 11368, 18043, 11375, 19549","1, 3",Medinah,[],NA,NA,NA,NA,Madinah,Natural,female,Um `Atiyyah al-Ansariyyah,Um `Atiyyah al-Ansariyyah,Companion of the Prophet,
84,Asma' bint Yazid bin al-Sakan ( أسماء بنت يزيد بن السكن ( رضي الله عنها,Comp.(RA) [1st Generation],Yazid bin al-Sakan [1840] / Umm Sa'd bint Khuzaym,Abu Sa'id al-Zrqy al-Ansari [1844],"'Amira bint Yazid bin al-Sakan [1864] , 'Amr bin Yazid bin al-Sakan [1842] , 'Amir bin Yazid bin al-Sakan [1843]",NA,(Medinah),"Medina, Damascus","~63 AH/683 CE (Damascus, Syria)[ Natural ]","Muhammad (saw) [1] ,","Mahmud bin 'Amr bin Yazid bin al-Sakan [12498] , Shar bin Hushab al-Asha'ri [11044] , Muhajir bin Abi Muslim (Dinar) [17066]","Recitation/Quran, Narrator [ م  -  صحابي ]","Female [Female] , Ansar [Ansar] , Aws [Aws] , B.'Abdul Ashhal [B.'Abdul%20Ashhal] , Ridhwan [Ridhwan] , Yarmuk [Yarmuk] , Warrior [Warrior]",NA,"12498, 11044, 17066",1,Medinah,[],NA,NA,63,683,"Damascus, Syria",Natural,female,Asma bint Yazid,Asma' bint Yazid ibn al-Sakan,Companion of the Prophet,
244,Zaynab bint Abi Salamah ( زينب بنت أبي سلمة  ( رضي الله عنها,Comp.(RA) [1st Generation],Abu Salamah [101] / Umm Salamah [56],'Abdullah b. Zama'a [192],"Salamah bin Abi Salamah [245] , 'Umar bin Abi Salamah [246] , Durrah bintt Abi Salamah [247]","Abu 'Ubaida bin 'Abdullah bin Zama' [10994] , Total 9 kids",(Abyssinia),"Abyssinia, Medina",73 AH (Medina)[ Natural ],"Muhammad (saw) [1] , Umm Salamah [56] , 'Aisha bint Abi Bakr [53] , Zaynab bint Jahsh [57] , Umm Habibah bint Abi Sufyan [59]","Abu 'Ubaida bin 'Abdullah bin Zama' [10994] , 'Urwa ibn al-Zubayr [10511] , Abu Salama bin 'Abdur Rahman [10567] , Hameed bin Nafi' al-Ansari [11157] , 'Arak bin Malik [11204] , others","Recitation/Quran, Narrator [ ع  -  صحابة ]","Female [Female] , Quraish [Quraish] , B.Makhzum [B.Makhzum] , Born Muslim [Born%20Muslim] , Child [Child] , Abyssinia 2 [Abyssinia%202]",NA,"10994, 10511, 10567, 11157, 11204","1, 56, 53, 57, 59",Abyssinia,[],NA,NA,73,NA,Medina,Natural,female,Zaynab bint Abi Salamah,Zaynab bint Abi Salamah,Daughter of Um Salamah and step-daughter of the Prophet,
2802,Safiyya bint Shayba bin 'Uthman ( صفية بنت شيبة بن عثمان العبدرية ( رضي الله عنها,Comp.(RA) [1st Generation],Shayba bin 'Uthman [2801] / Umm 'Uthman or Umm Walad Shayba [2805],"'Abdullah bin Khalid bin Usayd [991] , 'Abdur Rahman bin Talha bin al-Harith","'Abdur Rahman bin Shayba [2803] , Mus'ub bin Shayba [2804] , Jubayr","Umayya, 'Abdul 'Aziz, Mansur bin 'Abdur Rahman bin Talha [11565]",(Makkah),"Makkah, Medina",(Makkah)[ Natural ],"Muhammad (saw) [1] , 'Uthman bin Talha [2800] , 'Aisha bint Abi Bakr [53] , Umm Habibah bint Abi Sufyan [59] , Umm Salamah [56] , Asma' bint Abi Bakr [70] , Umm 'Uthman or Umm Walad Shayba [2805]","Nafie' [11014] , Mansur bin 'Abdur Rahman bin Talha [11565] , 'Abdul Hameed bin Jubayr bin Shayba [11255] , Nephews","Recitation/Quran, Narrator [ ع  -  صحابي ]","Female [Female] , Quraish [Quraish] , B.'Abd al-Dar [B.'Abd%20al-Dar] , Child [Child]",NA,"11014, 11565, 11255","1, 2800, 53, 59, 56, 70, 2805",Makkah,[],NA,NA,NA,NA,Makkah,Natural,female,Safiyyah bint Shaybah,Safiyyah bint Shaybah ibn 'Uthman,Companion of the Prophet,
10511,Urwa ibn al-Zubayr عروة بن الزبير,Follower(Tabi') [3rd Generation],Zubayr ibn al-Awwam [7] / Asma' bint Abi Bakr [70],"Umm Yahya bint al-Hakam b. Abi al-'Aas, Umm Walad, Others","'Abdullah ibn al-Zubayr [106] , al-Mundhir bin al-Zubayr [10510] , ''Asim ibn al-Zubayr [10512] , al-Muhajir ibn al-Zubayr [10513] , Khadija al-Kubra bint al-Zubayr [10514] , Ummul Hasan bint al-Zubayr [10515] , 'Aisha bint al-Zubayr [10516]","Hisham bin 'Urwa [11065] , 'Abdullah bin 'Urwa [11699] , 'Uthman bin 'Urwa bin al-Zubair [11526] , Muhammad bin 'Urwa bin al-Zubair [18935] , Yahya bin 'Urwa bin al-Zubair [11545] , 'Umar, Aswad, 'Ubiadullah, Mus'ab, Umm Yahya, Asma",23 AH/643 CE (Medina),Medina,93 AH/713 CE (Medina)[ Natural ],"Zubayr ibn al-Awwam [7] , 'Abdullah ibn al-Zubayr [106] , Asma' bint Abi Bakr [70] , 'Aisha bint Abi Bakr [53] , Ali ibn Abi Talib [5] , Sa'id bin Zayd [11] , Hakim ibn Hizam [423] , Zayd ibn Thabit [49] , 'Abdullah ibn Ja'far [108] , ibn Abbas [17] , ibn Umar [18] , 'Abdullah bin 'Amr bin al-'Aas [29] , Usamah ibn Zayd [50] , Abu Ayyub al-Ansari [33] , Abu Hurairah [13] , al-Hajjaj bin Malik al-Aslami [4113] , Sufyan bin 'Abdullah bin Rabi'a [5066] , 'Amr bin al-'Aas [28] , Muhammad Ibn Maslama [167] , al-Miswar bin Makhrama bin Nawfal [2201] , al-Mughira ibn Shu'ba [166] , Najiyya bin Jundab bin K'ab [5308] , Abu Hameed al-Sa'idi al-Ansari [1457] , Hisham bin Hakim ibn Hizam [434] , Abu Hurairah [13] , Niyar bin Mukarrurm [5318] , Busra bint Safwan bin Nawfal [861] , Zaynab bint Abi Salamah [244] , 'Umar bin Abi Salamah [246] , Umm Hani bint Abi Talib [198] , Umm Habibah bint Abi Sufyan [59] , Jabir ibn 'Abdullah [34] , al-Nu'man bin Bashir ibn Sa'd [274] , Abu Hameed al-Sa'idi al-Ansari [1457] , 'Ubaidullah bin 'Ady bin al-Khayyar [880] , Marwan bin al-Hakam bin Abi al-'As [858] , Basheer bin Abi Mas'ud [1615] , Hamran bin Aban [11421] , 'Abdullah b. Zama'a [192] , 'Abdur Rahman bin 'Abd al-Qari [3195] , Nafi' bin Jubayr bin Mut'im [11059] , Abu Mrawh al-Ghfary [11551] , Abu Salama bin 'Abdur Rahman [10567] , Several Others","Hisham bin 'Urwa [11065] , 'Abdullah bin 'Urwa [11699] , 'Uthman bin 'Urwa bin al-Zubair [11526] , Muhammad bin 'Urwa bin al-Zubair [18935] , Yahya bin 'Urwa bin al-Zubair [11545] , 'Umar bin 'Abdullah [11529] , Muhammad bin Ja'far bin al-Zubair [11215] , Others","Narrator[Grade:No Doubt] [ ع  -  ثقة ], Fiqh, History, Hadith","Quraish [Quraish] , B.Asad [B.Asad] , Madni [Madni] , Seven Fuqaha [Seven%20Fuqaha] , Imam [Imam]",NA,"11065, 11699, 11526, 18935, 11545, 11529, 11215","7, 106, 70, 53, 5, 11, 423, 49, 108, 17, 18, 29, 50, 33, 13, 4113, 5066, 28, 167, 2201, 166, 5308, 1457, 434, 13, 5318, 861, 244, 246, 198, 59, 34, 274, 1457, 880, 858, 1615, 11421, 192, 3195, 11059, 11551, 10567",Medina,"['23 AH', '643 CE']",23,643,93,713,Medina,Natural,male,`Urwah ibn al-Zubayr,`Urwah ibn al-Zubayr ibn al-`Awwam,"Son of Zubayr ibn al-`Awwam and Asma bint Abi Bakr, and therefore the nephew of Aishah bint Abi Bakr",
10526,Fatima bint al-Mundhir bin al-Zubayr فاطمة بنت المنذر بن الزبير,Follower(Tabi') [3rd Generation],al-Mundhir bin al-Zubayr [10510] / Umm Walad,Hisham bin 'Urwa [11065],'Asim bin al-Mndhr bin al-Zubair [12198],"'Urwa, Muhammad bin Hisham bin 'Urwa [21995]",48 AH (Medina),Medina,(Medina)[ Natural ],"Asma' bint Abi Bakr [70] , Umm Salamah [56]",Hisham bin 'Urwa [11065],"Narrator[Grade:Thiqah Thiqah] [ ع  -  ثقة ], Fiqh","Female [Female] , Quraish [Quraish] , B.Asad [B.Asad] , Madni [Madni]",NA,11065,"70, 56",Medina,['48 AH'],48,NA,NA,NA,Medina,Natural,female,Fatimah bint al-Munthir,Fatimah bint al-Munthir ibn al-Zubayr ibn al-`Awwam,Granddaughter of Zubayr ibn al-`Awwam and Asma bint Abi Bakr,
10737,Khayra Umm al-Hasan al-Basri خيرة أم الحسن البصري,Follower(Tabi') [2nd Generation],NA,NA,NA,NA,(Medina),"Medina, al-Basra",()[ Natural ],"Umm Salamah [56] , 'Aisha bint Abi Bakr [53]","al-Hasan al-Basri [11016] , Sa'id bin Abi al-Hasan [11287] , Hafsa bint Sirin [11039]",Narrator[Grade:Maqbool] [ م  4  -  مقبول ],"Female [Female] , al-Basri [al-Basri]",NA,"11016, 11287, 11039","56, 53",Medina,[],NA,NA,NA,NA,,Natural,female,Khayrah Um al-Hasan al-Basri ,Khayrah Um al-Hasan al-Basri ,"The servant of Um Salamah and the mother of the famous scholar, Al-Hasan Al-Basri",
11039,Hafsa bint Sirin حفصة بنت سيرين,Follower(Tabi') [3rd Generation],Sirin / Safiyya (client of Abu Bakr),NA,"Ibn Sirin [11035] , Ma'bad bin Sirin [11036] , Anas bin Sirin [11038] , Yahya bin Sirin [11037] , Karima bin Sirin",NA,(Medina),"Medina, al-Basra",> 100 AH (Basra)[ Natural ],"Yahya bin Sirin [11037] , Anas bin Malik [19] , Umm Atiyyah Ansariyah [71] , al-Rbab bint Sly' Umm al-Ra'ih [19958] , Abu al-Aliyya al-Bara', Ziyad bin Feroz [11618] , Khalifa bin Ka'b Abu Dhabyan [11584] , al-Rabi' bin Ziyad bin Ans [14116] , Khayra Umm al-Hasan al-Basri [10737] , سلمان بن عامر الضبي, Several Others","Ma'bad bin Sirin [11036] , Qatada [11019] , 'Asim al-Ahwal [11080] , Ayoub al-Sakhtiyani [11015] , Khalid bin Mahran al-Hadha' [11282] , 'Abdullah bin 'Awn bin Artaban [11071] , Hisham bin Hassan al-Azdi [11311] , Others","Narrator[Grade:Thiqah] [ ع  -  ثقة ], Fiqh","Female [Female] , Ansar [Ansar] , Client [Client] , al-Basri [al-Basri]",NA,"11036, 11019, 11080, 11015, 11282, 11071, 11311","11037, 19, 71, 19958, 11618, 11584, 14116, 10737",Medina,[],NA,NA,100,NA,Basra,Natural,female,Hafsah bint Sirin,Hafsah bint Sirin,Sister of the famous scholar Muhammad ibn Sirin,
11457,Umm al-Darda'a أم الدرداء,Follower(Tabi') [3rd Generation],NA,Abu al-Darda [37],NA,NA,NA,"Medina, Damascus",~81 AH (Damascus)[ Natural ],"Abu al-Darda [37] , Salman Farsi [14] , 'Aisha bint Abi Bakr [53] , Abu Hurairah [13] , Fadala bin 'Ubaid bin Naqid [1935]","Jubayr bin Nufayr al-Hadrami [4097] , Mahdi bin 'Abdur Rahman bin 'Ubaida [17067] , Abu 'Imran al-Ansari al-Shami [17096] , Salm bin Abi al-Ja'd [11342] , Zayd bin Aslam [11163] , Shar bin Hushab al-Asha'ri [11044] , Safwan bin 'Abdullah [10920] , Isma'il bin 'Ubaidullah bin Abi Muhajir [11670] , Abu Hazam bin Sakhar bin al-Ayla [19235] , 'Ubaidullah bin Talha [18679] , 'Abdullah bin Abi Zakaria Alimam [17041] , 'Uthman bin Hyan [11890] , عطاء الكيخاراني, Ya'la bin Mamulk [13144] , Yonus bin Maysra bin Halbus [19201] , مرزوق التيمي, Makhul al-Shami/al-Damashiqi [11066] , 'Awn bin 'Abdullah bin 'Utba [10806] , Ibrahim bin Abi Ablh [11667]","Narrator[Grade:Thiqah] [ ع  -  ثقة ], Fiqh","Female [Female] , al-Humayr [al-Humayr] , Damashqi [Damashqi] , Shami [Shami]",NA,"4097, 17067, 17096, 11342, 11163, 11044, 10920, 11670, 19235, 18679, 17041, 11890, 13144, 19201, 11066, 10806, 11667","37, 14, 53, 13, 1935",NA,NA,NA,NA,81,NA,Damascus,Natural,female,Um al-Darda'a,Umm al-Darda'a as-Sughra,Wife of the companion Abu al-Darda'a,
